task_id,calculation,model_id,architecture,training_parent,phase,chemical_seed,natoms,dominant_structure,fraction_unknown,fraction_bcc,fraction_fcc,fraction_hcp,fraction_ico,status,energy_eV_per_atom,volume_A3_per_atom,density_g_cm3,max_force_eV_per_A,pressure_error_GPa,stress_gate_field,max_stress_error_GPa,relax_cycles,lammps_return_code,failure_reason,training_relation,eligible,eligibility_reason
relax_iso_coupled__DPA2__bcc_parent__bcc_n2000_seed20260825,relax_iso_coupled,DPA2__bcc_parent,DPA2,bcc,bcc,20260825,2000,bcc,0.021,0.979,0.0,0.0,0.0,passed,-9.74331208170897,19.0622882928887,10.3571544276757,0.0050924108363688,0.0349207313215222,max_deviatoric_stress_GPa,0.093670190123178,1,,,phase_native,true,
relax_iso_coupled__DPA2__bcc_parent__bcc_n2000_seed20261834,relax_iso_coupled,DPA2__bcc_parent,DPA2,bcc,bcc,20261834,2000,bcc,0.0165,0.9835,0.0,0.0,0.0,passed,-9.74554524768836,19.0645986459087,10.355899290683,0.00128050704370253,0.0132940035379894,max_deviatoric_stress_GPa,0.0709506154391746,1,,,phase_native,true,
relax_iso_coupled__DPA2__bcc_parent__bcc_n2000_seed20262843,relax_iso_coupled,DPA2__bcc_parent,DPA2,bcc,bcc,20262843,2000,bcc,0.023,0.977,0.0,0.0,0.0,passed,-9.74427173097379,19.0643390680152,10.3560402954413,0.00217424333095551,0.0120950394805914,max_deviatoric_stress_GPa,0.120832158072659,2,,,phase_native,true,
relax_iso_coupled__DPA2__bcc_parent__bcc_n2000_seed20263852,relax_iso_coupled,DPA2__bcc_parent,DPA2,bcc,bcc,20263852,2000,bcc,0.027,0.973,0.0,0.0,0.0,passed,-9.74319446198589,19.0779361985445,10.3486593905994,0.0015341192483902,0.0224781528929403,max_deviatoric_stress_GPa,0.0570855930356686,2,,,phase_native,true,
relax_iso_coupled__DPA2__bcc_parent__bcc_n2000_seed20264861,relax_iso_coupled,DPA2__bcc_parent,DPA2,bcc,bcc,20264861,2000,bcc,0.0235,0.9765,0.0,0.0,0.0,passed,-9.74260897664673,19.0749086230439,10.3503019330751,0.00062321312725544,0.0275962653183991,max_deviatoric_stress_GPa,0.139822275328235,1,,,phase_native,true,
relax_iso_coupled__DPA2__bcc_parent__fcc_n2000_seed20260825,relax_iso_coupled,DPA2__bcc_parent,DPA2,bcc,fcc,20260825,2000,unknown,0.911,0.056,0.033,0.0,0.0,failed_validation,-9.68236081556923,19.2529355417188,10.2545953663281,0.00339072942733765,0.0145561948133531,max_deviatoric_stress_GPa,0.138574429674391,3,,,reciprocal_alarm,false,
relax_iso_coupled__DPA2__bcc_parent__fcc_n2000_seed20261834,relax_iso_coupled,DPA2__bcc_parent,DPA2,bcc,fcc,20261834,2000,,,,,,,failed,,19.270837454063354,,0.0021490752696991,0.000368717527177655,max_deviatoric_stress_GPa,0.261538980008586,12,2,ERROR: final maximum deviatoric stress 0.261539045336065 GPa exceeds 0.20 GPa after 12 coupled cycles,reciprocal_alarm,false,ERROR: final maximum deviatoric stress 0.261539045336065 GPa exceeds 0.20 GPa after 12 coupled cycles
relax_iso_coupled__DPA2__bcc_parent__fcc_n2000_seed20262843,relax_iso_coupled,DPA2__bcc_parent,DPA2,bcc,fcc,20262843,2000,,,,,,,failed,,19.261341826653144,,0.00157017260789871,2.87204583362525e-05,max_deviatoric_stress_GPa,0.313618758606848,12,2,ERROR: final maximum deviatoric stress 0.313618811109658 GPa exceeds 0.20 GPa after 12 coupled cycles,reciprocal_alarm,false,ERROR: final maximum deviatoric stress 0.313618811109658 GPa exceeds 0.20 GPa after 12 coupled cycles
relax_iso_coupled__DPA2__bcc_parent__fcc_n2000_seed20263852,relax_iso_coupled,DPA2__bcc_parent,DPA2,bcc,fcc,20263852,2000,,,,,,,failed,,19.291416144981493,,0.00233389809727669,2.63320684138237e-05,max_deviatoric_stress_GPa,0.220002084686161,12,2,ERROR: final maximum deviatoric stress 0.22000196655972 GPa exceeds 0.20 GPa after 12 coupled cycles,reciprocal_alarm,false,ERROR: final maximum deviatoric stress 0.22000196655972 GPa exceeds 0.20 GPa after 12 coupled cycles
relax_iso_coupled__DPA2__bcc_parent__fcc_n2000_seed20264861,relax_iso_coupled,DPA2__bcc_parent,DPA2,bcc,fcc,20264861,2000,,,,,,,failed,,19.288698976989227,,0.00107148289680481,0.00010669223560784,max_deviatoric_stress_GPa,0.310192940227552,12,2,ERROR: final maximum deviatoric stress 0.310192714130536 GPa exceeds 0.20 GPa after 12 coupled cycles,reciprocal_alarm,false,ERROR: final maximum deviatoric stress 0.310192714130536 GPa exceeds 0.20 GPa after 12 coupled cycles
relax_iso_coupled__DPA2__fcc_parent__bcc_n2000_seed20260825,relax_iso_coupled,DPA2__fcc_parent,DPA2,fcc,bcc,20260825,2000,bcc,0.0,1.0,0.0,0.0,0.0,passed,-9.75575899529032,18.923227297754,10.433265979834,0.00323744863271713,0.00306308111439372,max_deviatoric_stress_GPa,0.0955767753494698,2,,,reciprocal_alarm,true,
relax_iso_coupled__DPA2__fcc_parent__bcc_n2000_seed20261834,relax_iso_coupled,DPA2__fcc_parent,DPA2,fcc,bcc,20261834,2000,bcc,0.006,0.994,0.0,0.0,0.0,passed,-9.75617200812273,18.9050371375337,10.443304721277,0.00416962380404584,0.00223197642324441,max_deviatoric_stress_GPa,0.118853089397373,2,,,reciprocal_alarm,true,
relax_iso_coupled__DPA2__fcc_parent__bcc_n2000_seed20262843,relax_iso_coupled,DPA2__fcc_parent,DPA2,fcc,bcc,20262843,2000,bcc,0.003,0.997,0.0,0.0,0.0,passed,-9.75661172669701,18.9222033017422,10.4338305875904,0.00377377867698669,0.0116363485478856,max_deviatoric_stress_GPa,0.1171515094909,2,,,reciprocal_alarm,true,
relax_iso_coupled__DPA2__fcc_parent__bcc_n2000_seed20263852,relax_iso_coupled,DPA2__fcc_parent,DPA2,fcc,bcc,20263852,2000,bcc,0.003,0.997,0.0,0.0,0.0,passed,-9.75433378910594,18.9226159473504,10.4336030569794,0.0029588047764264,0.0296736915358674,max_deviatoric_stress_GPa,0.130987715436468,1,,,reciprocal_alarm,true,
relax_iso_coupled__DPA2__fcc_parent__bcc_n2000_seed20264861,relax_iso_coupled,DPA2__fcc_parent,DPA2,fcc,bcc,20264861,2000,bcc,0.006,0.994,0.0,0.0,0.0,passed,-9.7569020608323,18.9018071219625,10.4450893144985,0.00294938683509827,0.0059937288202349,max_deviatoric_stress_GPa,0.100242813418136,2,,,reciprocal_alarm,true,
relax_iso_coupled__DPA2__fcc_parent__fcc_n2000_seed20260825,relax_iso_coupled,DPA2__fcc_parent,DPA2,fcc,fcc,20260825,2000,,,,,,,failed,,19.15195653430792,,0.00330174993723631,1.07528386124806e-05,max_deviatoric_stress_GPa,0.302501144336993,12,2,ERROR: final maximum deviatoric stress 0.302501298394245 GPa exceeds 0.20 GPa after 12 coupled cycles,phase_native,false,ERROR: final maximum deviatoric stress 0.302501298394245 GPa exceeds 0.20 GPa after 12 coupled cycles
relax_iso_coupled__DPA2__fcc_parent__fcc_n2000_seed20261834,relax_iso_coupled,DPA2__fcc_parent,DPA2,fcc,fcc,20261834,2000,,,,,,,failed,,19.150843393206692,,0.00115766376256943,0.00140947669841997,max_deviatoric_stress_GPa,0.421388347660969,12,2,ERROR: final maximum deviatoric stress 0.421388517984696 GPa exceeds 0.20 GPa after 12 coupled cycles,phase_native,false,ERROR: final maximum deviatoric stress 0.421388517984696 GPa exceeds 0.20 GPa after 12 coupled cycles
relax_iso_coupled__DPA2__fcc_parent__fcc_n2000_seed20262843,relax_iso_coupled,DPA2__fcc_parent,DPA2,fcc,fcc,20262843,2000,,,,,,,failed,,19.138808668068645,,0.00241764460224658,0.000192157648939807,max_deviatoric_stress_GPa,0.410376615850895,12,2,ERROR: final maximum deviatoric stress 0.410376536682653 GPa exceeds 0.20 GPa after 12 coupled cycles,phase_native,false,ERROR: final maximum deviatoric stress 0.410376536682653 GPa exceeds 0.20 GPa after 12 coupled cycles
relax_iso_coupled__DPA2__fcc_parent__fcc_n2000_seed20263852,relax_iso_coupled,DPA2__fcc_parent,DPA2,fcc,fcc,20263852,2000,,,,,,,failed,,19.144859315096035,,0.00593072175979614,0.000196822436560255,max_deviatoric_stress_GPa,0.403102056301966,12,2,ERROR: final maximum deviatoric stress 0.403102042625612 GPa exceeds 0.20 GPa after 12 coupled cycles,phase_native,false,ERROR: final maximum deviatoric stress 0.403102042625612 GPa exceeds 0.20 GPa after 12 coupled cycles
relax_iso_coupled__DPA2__fcc_parent__fcc_n2000_seed20264861,relax_iso_coupled,DPA2__fcc_parent,DPA2,fcc,fcc,20264861,2000,,,,,,,failed,,19.20679377467164,,0.00818264484405518,0.00106251098357285,max_deviatoric_stress_GPa,0.277850189819191,12,2,ERROR: final maximum deviatoric stress 0.277850240238955 GPa exceeds 0.20 GPa after 12 coupled cycles,phase_native,false,ERROR: final maximum deviatoric stress 0.277850240238955 GPa exceeds 0.20 GPa after 12 coupled cycles
relax_iso_coupled__DPA3__bcc_parent__bcc_n2000_seed20260825,relax_iso_coupled,DPA3__bcc_parent,DPA3,bcc,bcc,20260825,2000,bcc,0.017,0.983,0.0,0.0,0.0,passed,-9.75320733438379,19.1130429001377,10.3296510464538,0.00103823095560074,0.0373241130781736,max_deviatoric_stress_GPa,0.0474454356755298,1,,,phase_native,true,
relax_iso_coupled__DPA3__bcc_parent__bcc_n2000_seed20261834,relax_iso_coupled,DPA3__bcc_parent,DPA3,bcc,bcc,20261834,2000,bcc,0.0235,0.9765,0.0,0.0,0.0,passed,-9.75523708535678,19.0981177660832,10.3377236444183,0.000461955554783344,0.0466311639825547,max_deviatoric_stress_GPa,0.097981115561181,1,,,phase_native,true,
relax_iso_coupled__DPA3__bcc_parent__bcc_n2000_seed20262843,relax_iso_coupled,DPA3__bcc_parent,DPA3,bcc,bcc,20262843,2000,bcc,0.006,0.994,0.0,0.0,0.0,passed,-9.75667748041398,19.0980362846778,10.3377677501178,0.00113838165998459,0.0176647732952318,max_deviatoric_stress_GPa,0.0557301698105674,1,,,phase_native,true,
relax_iso_coupled__DPA3__bcc_parent__bcc_n2000_seed20263852,relax_iso_coupled,DPA3__bcc_parent,DPA3,bcc,bcc,20263852,2000,bcc,0.018,0.982,0.0,0.0,0.0,passed,-9.75398879177815,19.1126767838251,10.3298489179394,0.00249756706034532,0.0144298092257106,max_deviatoric_stress_GPa,0.0939600508705555,1,,,phase_native,true,
relax_iso_coupled__DPA3__bcc_parent__bcc_n2000_seed20264861,relax_iso_coupled,DPA3__bcc_parent,DPA3,bcc,bcc,20264861,2000,bcc,0.025,0.975,0.0,0.0,0.0,passed,-9.75451542921311,19.1169076632957,10.3275627560512,0.00175242940895259,0.0050963524310358,max_deviatoric_stress_GPa,0.0649810442356053,1,,,phase_native,true,
relax_iso_coupled__DPA3__bcc_parent__fcc_n2000_seed20260825,relax_iso_coupled,DPA3__bcc_parent,DPA3,bcc,fcc,20260825,2000,,,,,,,failed,,19.360759797527955,,0.706559538841248,0.00230705888805689,max_deviatoric_stress_GPa,0.101886767789253,2,124,fixed wall-time limit reached (GNU timeout return code 124),reciprocal_alarm,false,fixed wall-time limit reached (GNU timeout return code 124)
relax_iso_coupled__DPA3__bcc_parent__fcc_n2000_seed20261834,relax_iso_coupled,DPA3__bcc_parent,DPA3,bcc,fcc,20261834,2000,,,,,,,failed,,19.305691040317313,,0.00258880853652954,7.10205823846085e-06,max_deviatoric_stress_GPa,0.2338718424442,12,2,ERROR: final maximum deviatoric stress 0.233871963322509 GPa exceeds 0.20 GPa after 12 coupled cycles,reciprocal_alarm,false,ERROR: final maximum deviatoric stress 0.233871963322509 GPa exceeds 0.20 GPa after 12 coupled cycles
relax_iso_coupled__DPA3__bcc_parent__fcc_n2000_seed20262843,relax_iso_coupled,DPA3__bcc_parent,DPA3,bcc,fcc,20262843,2000,,,,,,,failed,,19.298712383700458,,0.00741662085056305,1.78966859684482e-05,max_deviatoric_stress_GPa,0.212233110101355,12,2,ERROR: final maximum deviatoric stress 0.212233164669191 GPa exceeds 0.20 GPa after 12 coupled cycles,reciprocal_alarm,false,ERROR: final maximum deviatoric stress 0.212233164669191 GPa exceeds 0.20 GPa after 12 coupled cycles
relax_iso_coupled__DPA3__bcc_parent__fcc_n2000_seed20263852,relax_iso_coupled,DPA3__bcc_parent,DPA3,bcc,fcc,20263852,2000,,,,,,,failed,,19.329881854472294,,0.00872392952442169,0.000702236742639189,max_deviatoric_stress_GPa,0.370713888983829,12,2,ERROR: final maximum deviatoric stress 0.370713794702787 GPa exceeds 0.20 GPa after 12 coupled cycles,reciprocal_alarm,false,ERROR: final maximum deviatoric stress 0.370713794702787 GPa exceeds 0.20 GPa after 12 coupled cycles
relax_iso_coupled__DPA3__bcc_parent__fcc_n2000_seed20264861,relax_iso_coupled,DPA3__bcc_parent,DPA3,bcc,fcc,20264861,2000,,,,,,,failed,,19.300355473396802,,0.0018765926361084,0.000399557119488256,max_deviatoric_stress_GPa,0.360859335285597,12,2,ERROR: final maximum deviatoric stress 0.36085942314535 GPa exceeds 0.20 GPa after 12 coupled cycles,reciprocal_alarm,false,ERROR: final maximum deviatoric stress 0.36085942314535 GPa exceeds 0.20 GPa after 12 coupled cycles
relax_iso_coupled__DPA3__fcc_parent__bcc_n2000_seed20260825,relax_iso_coupled,DPA3__fcc_parent,DPA3,fcc,bcc,20260825,2000,bcc,0.012,0.988,0.0,0.0,0.0,passed,-9.74336350938253,19.0535138238216,10.361924074471,0.00072731077671051,0.0119172046050032,max_deviatoric_stress_GPa,0.0824623593324138,1,,,reciprocal_alarm,true,
relax_iso_coupled__DPA3__fcc_parent__bcc_n2000_seed20261834,relax_iso_coupled,DPA3__fcc_parent,DPA3,fcc,bcc,20261834,2000,bcc,0.006,0.994,0.0,0.0,0.0,passed,-9.7428373908209,19.0526790838667,10.3623780532525,0.000500091962749138,0.00258330235609064,max_deviatoric_stress_GPa,0.0519814660759,2,,,reciprocal_alarm,true,
relax_iso_coupled__DPA3__fcc_parent__bcc_n2000_seed20262843,relax_iso_coupled,DPA3__fcc_parent,DPA3,fcc,bcc,20262843,2000,bcc,0.003,0.997,0.0,0.0,0.0,passed,-9.74276061771385,19.0764051433492,10.3494899647356,0.000262349714830634,0.0490495133124164,max_deviatoric_stress_GPa,0.0855628988031593,1,,,reciprocal_alarm,true,
relax_iso_coupled__DPA3__fcc_parent__bcc_n2000_seed20263852,relax_iso_coupled,DPA3__fcc_parent,DPA3,fcc,bcc,20263852,2000,bcc,0.003,0.997,0.0,0.0,0.0,passed,-9.74132394171826,19.0509374730253,10.3633253677868,0.000899955630302429,0.00321381707552694,max_deviatoric_stress_GPa,0.0970982052894801,1,,,reciprocal_alarm,true,
relax_iso_coupled__DPA3__fcc_parent__bcc_n2000_seed20264861,relax_iso_coupled,DPA3__fcc_parent,DPA3,fcc,bcc,20264861,2000,bcc,0.009,0.991,0.0,0.0,0.0,passed,-9.73955354742281,19.0714009343613,10.3522056021909,0.000911050476133823,0.0416868294949766,max_deviatoric_stress_GPa,0.0948512297565425,1,,,reciprocal_alarm,true,
relax_iso_coupled__DPA3__fcc_parent__fcc_n2000_seed20260825,relax_iso_coupled,DPA3__fcc_parent,DPA3,fcc,fcc,20260825,2000,,,,,,,failed,,19.302452081567218,,0.0110916417906992,7.28162186041582e-06,max_deviatoric_stress_GPa,0.277990248879093,12,2,ERROR: final maximum force component 0.0110906879854156 eV/A exceeds 0.01 eV/A after 12 coupled cycles,phase_native,false,ERROR: final maximum force component 0.0110906879854156 eV/A exceeds 0.01 eV/A after 12 coupled cycles
relax_iso_coupled__DPA3__fcc_parent__fcc_n2000_seed20261834,relax_iso_coupled,DPA3__fcc_parent,DPA3,fcc,fcc,20261834,2000,,,,,,,failed,,19.29218581780269,,0.0122604370117188,5.71156265430318e-05,max_deviatoric_stress_GPa,0.516505060553912,12,2,ERROR: final maximum force component 0.0122599601745605 eV/A exceeds 0.01 eV/A after 12 coupled cycles,phase_native,false,ERROR: final maximum force component 0.0122599601745605 eV/A exceeds 0.01 eV/A after 12 coupled cycles
relax_iso_coupled__DPA3__fcc_parent__fcc_n2000_seed20262843,relax_iso_coupled,DPA3__fcc_parent,DPA3,fcc,fcc,20262843,2000,,,,,,,failed,,19.371005970383578,,0.00361661272472702,2.55500736410879e-06,max_deviatoric_stress_GPa,0.281037874805295,12,2,ERROR: final maximum deviatoric stress 0.281037883536357 GPa exceeds 0.20 GPa after 12 coupled cycles,phase_native,false,ERROR: final maximum deviatoric stress 0.281037883536357 GPa exceeds 0.20 GPa after 12 coupled cycles
relax_iso_coupled__DPA3__fcc_parent__fcc_n2000_seed20263852,relax_iso_coupled,DPA3__fcc_parent,DPA3,fcc,fcc,20263852,2000,,,,,,,failed,,19.295353005936686,,0.00604090746492147,0.000471560348123361,max_deviatoric_stress_GPa,0.355165036059823,12,2,ERROR: final maximum deviatoric stress 0.355164908457269 GPa exceeds 0.20 GPa after 12 coupled cycles,phase_native,false,ERROR: final maximum deviatoric stress 0.355164908457269 GPa exceeds 0.20 GPa after 12 coupled cycles
relax_iso_coupled__DPA3__fcc_parent__fcc_n2000_seed20264861,relax_iso_coupled,DPA3__fcc_parent,DPA3,fcc,fcc,20264861,2000,,,,,,,failed,,19.303127476642363,,0.00654542446136475,8.8370287795078e-05,max_deviatoric_stress_GPa,0.493248462098181,12,2,ERROR: final maximum deviatoric stress 0.493248341898554 GPa exceeds 0.20 GPa after 12 coupled cycles,phase_native,false,ERROR: final maximum deviatoric stress 0.493248341898554 GPa exceeds 0.20 GPa after 12 coupled cycles
relax_iso_coupled__DPA4__bcc_parent__bcc_n2000_seed20260825,relax_iso_coupled,DPA4__bcc_parent,DPA4,bcc,bcc,20260825,2000,bcc,0.0,1.0,0.0,0.0,0.0,passed,-9.76080981481512,18.9170667075988,10.436663709338,0.000280891421184926,0.00353632525836648,max_deviatoric_stress_GPa,0.0442849923580461,1,,,phase_native,true,
relax_iso_coupled__DPA4__bcc_parent__bcc_n2000_seed20261834,relax_iso_coupled,DPA4__bcc_parent,DPA4,bcc,bcc,20261834,2000,bcc,0.003,0.997,0.0,0.0,0.0,passed,-9.7619546050147,18.9167709609748,10.4368268771463,0.000246082328814623,0.00193341799609812,max_deviatoric_stress_GPa,0.0674314541830698,1,,,phase_native,true,
relax_iso_coupled__DPA4__bcc_parent__bcc_n2000_seed20262843,relax_iso_coupled,DPA4__bcc_parent,DPA4,bcc,bcc,20262843,2000,bcc,0.0,1.0,0.0,0.0,0.0,passed,-9.7612339285225,18.9201491779986,10.4349633682543,0.000381840641365871,0.00985200028520369,max_deviatoric_stress_GPa,0.0473817547399814,1,,,phase_native,true,
relax_iso_coupled__DPA4__bcc_parent__bcc_n2000_seed20263852,relax_iso_coupled,DPA4__bcc_parent,DPA4,bcc,bcc,20263852,2000,bcc,0.0,1.0,0.0,0.0,0.0,passed,-9.76113849772553,18.9220368658051,10.4339223622965,0.0004305324762508,0.00441489380523745,max_deviatoric_stress_GPa,0.068509648952341,1,,,phase_native,true,
relax_iso_coupled__DPA4__bcc_parent__bcc_n2000_seed20264861,relax_iso_coupled,DPA4__bcc_parent,DPA4,bcc,bcc,20264861,2000,bcc,0.0,1.0,0.0,0.0,0.0,passed,-9.75968521902937,18.9226304499405,10.4335950605083,0.000388151191025088,0.0259799255836218,max_deviatoric_stress_GPa,0.0706471812078527,1,,,phase_native,true,
relax_iso_coupled__DPA4__bcc_parent__fcc_n2000_seed20260825,relax_iso_coupled,DPA4__bcc_parent,DPA4,bcc,fcc,20260825,2000,,,,,,,failed,,,,,,,,,124,fixed wall-time limit reached (GNU timeout return code 124),reciprocal_alarm,false,fixed wall-time limit reached (GNU timeout return code 124)
relax_iso_coupled__DPA4__bcc_parent__fcc_n2000_seed20261834,relax_iso_coupled,DPA4__bcc_parent,DPA4,bcc,fcc,20261834,2000,fcc,0.0,0.0,1.0,0.0,0.0,passed,-9.70955169530532,19.2307276526366,10.2664375035884,0.000186603077268588,0.014619679553182,max_deviatoric_stress_GPa,0.0402188672688806,1,,,reciprocal_alarm,true,
relax_iso_coupled__DPA4__bcc_parent__fcc_n2000_seed20262843,relax_iso_coupled,DPA4__bcc_parent,DPA4,bcc,fcc,20262843,2000,fcc,0.0,0.0,1.0,0.0,0.0,passed,-9.70912992982327,19.2361229161407,10.2635580181629,0.000113975666069761,0.00121260385571821,max_deviatoric_stress_GPa,0.0282344491114959,1,,,reciprocal_alarm,true,
relax_iso_coupled__DPA4__bcc_parent__fcc_n2000_seed20263852,relax_iso_coupled,DPA4__bcc_parent,DPA4,bcc,fcc,20263852,2000,fcc,0.0,0.0,1.0,0.0,0.0,passed,-9.71008619932591,19.2236771429512,10.2702028402883,0.000803131603094052,0.00251778694556201,max_deviatoric_stress_GPa,0.036297077753297,1,,,reciprocal_alarm,true,
relax_iso_coupled__DPA4__bcc_parent__fcc_n2000_seed20264861,relax_iso_coupled,DPA4__bcc_parent,DPA4,bcc,fcc,20264861,2000,fcc,0.0,0.0,1.0,0.0,0.0,passed,-9.70921908886119,19.2258585256797,10.2690375740889,0.00054219971740267,0.00677515150724411,max_deviatoric_stress_GPa,0.0499975518518702,1,,,reciprocal_alarm,true,
relax_iso_coupled__DPA4__fcc_parent__bcc_n2000_seed20260825,relax_iso_coupled,DPA4__fcc_parent,DPA4,fcc,bcc,20260825,2000,bcc,0.0,1.0,0.0,0.0,0.0,passed,-9.75807774479728,18.8918465476396,10.450596403928,0.000285769886758214,0.00404670688160848,max_deviatoric_stress_GPa,0.0347525543595064,1,,,reciprocal_alarm,true,
relax_iso_coupled__DPA4__fcc_parent__bcc_n2000_seed20261834,relax_iso_coupled,DPA4__fcc_parent,DPA4,fcc,bcc,20261834,2000,bcc,0.0,1.0,0.0,0.0,0.0,passed,-9.7589149468792,18.8935473414549,10.4496556430741,0.00045804807162142,0.0177296355221067,max_deviatoric_stress_GPa,0.0235604810668233,1,,,reciprocal_alarm,true,
relax_iso_coupled__DPA4__fcc_parent__bcc_n2000_seed20262843,relax_iso_coupled,DPA4__fcc_parent,DPA4,fcc,bcc,20262843,2000,bcc,0.0,1.0,0.0,0.0,0.0,passed,-9.75850923691451,18.9054216223894,10.4430923328633,0.000287570682944382,0.0104723035859388,max_deviatoric_stress_GPa,0.0506368324345078,1,,,reciprocal_alarm,true,
relax_iso_coupled__DPA4__fcc_parent__bcc_n2000_seed20263852,relax_iso_coupled,DPA4__fcc_parent,DPA4,fcc,bcc,20263852,2000,bcc,0.0,1.0,0.0,0.0,0.0,passed,-9.75809103263198,18.8909085476439,10.4511153127649,0.000393785009386971,0.00557135500167748,max_deviatoric_stress_GPa,0.0589060760662819,1,,,reciprocal_alarm,true,
relax_iso_coupled__DPA4__fcc_parent__bcc_n2000_seed20264861,relax_iso_coupled,DPA4__fcc_parent,DPA4,fcc,bcc,20264861,2000,bcc,0.0,1.0,0.0,0.0,0.0,passed,-9.75710899526061,18.8916007930233,10.4507323522967,0.000311476571784874,0.000143697917876686,max_deviatoric_stress_GPa,0.0503273731372165,1,,,reciprocal_alarm,true,
relax_iso_coupled__DPA4__fcc_parent__fcc_n2000_seed20260825,relax_iso_coupled,DPA4__fcc_parent,DPA4,fcc,fcc,20260825,2000,fcc,0.0,0.0,1.0,0.0,0.0,passed,-9.67936737430808,19.0782269930199,10.3485016540875,0.000159050293786753,0.00860350683656142,max_deviatoric_stress_GPa,0.041562846403042,1,,,phase_native,true,
relax_iso_coupled__DPA4__fcc_parent__fcc_n2000_seed20261834,relax_iso_coupled,DPA4__fcc_parent,DPA4,fcc,fcc,20261834,2000,fcc,0.015,0.0,0.985,0.0,0.0,passed,-9.67869528484326,19.0819781645514,10.3464673259657,0.00118949344344382,0.0488851276587061,max_deviatoric_stress_GPa,0.0755294692025755,1,,,phase_native,true,
relax_iso_coupled__DPA4__fcc_parent__fcc_n2000_seed20262843,relax_iso_coupled,DPA4__fcc_parent,DPA4,fcc,fcc,20262843,2000,fcc,0.0,0.0,1.0,0.0,0.0,passed,-9.67841187737646,19.0810312080601,10.3469808021133,0.000517968938802613,0.00012443346650628,max_deviatoric_stress_GPa,0.0206706292953966,1,,,phase_native,true,
relax_iso_coupled__DPA4__fcc_parent__fcc_n2000_seed20263852,relax_iso_coupled,DPA4__fcc_parent,DPA4,fcc,fcc,20263852,2000,fcc,0.003,0.0,0.997,0.0,0.0,passed,-9.67933227224426,19.0655314864718,10.3553925960266,0.00029057038464754,0.0146585647236857,max_deviatoric_stress_GPa,0.0832543758545217,1,,,phase_native,true,
relax_iso_coupled__DPA4__fcc_parent__fcc_n2000_seed20264861,relax_iso_coupled,DPA4__fcc_parent,DPA4,fcc,fcc,20264861,2000,fcc,0.003,0.0,0.997,0.0,0.0,passed,-9.6790469617763,19.0709436456051,10.3524538304543,0.000657123145375295,0.00192886634554616,max_deviatoric_stress_GPa,0.0559830491590955,1,,,phase_native,true,
