fold,fold_label,control,system_id,held_out_environment_count,pure_median_distance,systematic_seed_reduction_fraction,random_median_reduction_fraction,random_q025_reduction_fraction,random_q975_reduction_fraction,systematic_empirical_percentile
fcc_to_bcc,FCC-to-BCC,pooled_random_frames,POCC__bcc__POCC_01_H0C0__Hf32_Mo32_Ta32_Ti32_Zr32_n160,60,3.7680644386616122,0.04302599855431599,0.2210179781472222,0.15803873709505295,0.26694389099449917,0.0
fcc_to_bcc,FCC-to-BCC,pooled_random_frames,POCC__bcc__POCC_02_H0C1__Hf32_Mo32_Ta32_Ti32_Zr32_n160,60,3.7020767236977905,0.02061242169083852,0.22211906822890065,0.14593180051531562,0.25583259276745934,0.0
fcc_to_bcc,FCC-to-BCC,pooled_random_frames,POCC__bcc__POCC_03_H0C2__Hf32_Mo32_Ta32_Ti32_Zr32_n160,60,3.694110039599657,0.06840339358819467,0.22938523314520132,0.17625808346664706,0.2772946442304356,0.0
fcc_to_bcc,FCC-to-BCC,pooled_random_frames,POCC__bcc__POCC_04_H0C3__Hf32_Mo32_Ta32_Ti32_Zr32_n160,60,3.560535818176704,0.0,0.1721153440578876,0.1256700109842092,0.22904829673846047,0.0
fcc_to_bcc,FCC-to-BCC,pooled_random_frames,POCC__bcc__POCC_05_H0C4__Hf32_Mo32_Ta32_Ti32_Zr32_n160,60,3.706039443735964,0.12995291405643608,0.283372803526812,0.18407028528748368,0.30731541728591943,0.02
fcc_to_bcc,FCC-to-BCC,pooled_random_frames,POCC__bcc__POCC_06_H0C5__Hf32_Mo32_Ta32_Ti32_Zr32_n160,60,3.7225357575997666,0.12478466392714452,0.2727376812444781,0.1791071238364598,0.303599296205471,0.005
fcc_to_bcc,FCC-to-BCC,pooled_random_frames,POCC__bcc__POCC_07_H0C6__Hf32_Mo32_Ta32_Ti32_Zr32_n160,60,3.6515285073235133,0.0,0.16006217458226643,0.09360927153382963,0.17965775340247928,0.0
fcc_to_bcc,FCC-to-BCC,pooled_random_frames,POCC__bcc__POCC_08_H0C7__Hf32_Mo32_Ta32_Ti32_Zr32_n160,60,3.6387879886336343,0.0,0.19423033362343606,0.12599956102956766,0.24114161198841305,0.0
fcc_to_bcc,FCC-to-BCC,pooled_random_frames,POCC__bcc__POCC_09_H0C8__Hf32_Mo32_Ta32_Ti32_Zr32_n160,60,3.6998213024481332,0.07199829012077197,0.22519635509585725,0.1466810438434939,0.26959282703793347,0.01
fcc_to_bcc,FCC-to-BCC,pooled_random_frames,POCC__bcc__POCC_10_H0C10__Hf32_Mo32_Ta32_Ti32_Zr32_n160,60,3.50165458128283,0.0,0.16184857851323128,0.09148004027832422,0.18388912238754104,0.005
fcc_to_bcc,FCC-to-BCC,pooled_random_frames,POCC__bcc__POCC_11_H0C12__Hf32_Mo32_Ta32_Ti32_Zr32_n160,60,3.6577942839412954,0.0,0.1814048289095689,0.09006563142650405,0.19933167024750903,0.0
fcc_to_bcc,FCC-to-BCC,pooled_random_frames,POCC__bcc__POCC_12_H0C14__Hf32_Mo32_Ta32_Ti32_Zr32_n160,60,3.773485589645493,0.03628064160562141,0.18996768071339842,0.1653113083892531,0.2556141095183148,0.0
fcc_to_bcc,FCC-to-BCC,pooled_random_frames,POCC__bcc__POCC_13_H1C0__Hf20_Mo20_Ta20_Ti20_Zr20_n100,240,4.614244489334372,0.5108843451730831,0.632051543774765,0.604983448936706,0.7238333284478977,0.0
fcc_to_bcc,FCC-to-BCC,pooled_random_frames,POCC__bcc__POCC_14_H1C1__Hf20_Mo20_Ta20_Ti20_Zr20_n100,900,4.5828648690984615,0.4969093664701529,0.6495745761066063,0.6125785666443077,0.70782083969619,0.0
fcc_to_bcc,FCC-to-BCC,pooled_random_frames,POCC__bcc__POCC_15_H1C2__Hf20_Mo20_Ta20_Ti20_Zr20_n100,720,4.536847796753316,0.49641905822208554,0.63958826466441,0.6103857817449151,0.7030077430043865,0.0
fcc_to_bcc,FCC-to-BCC,pooled_random_frames,POCC__bcc__POCC_16_H1C3__Hf20_Mo20_Ta20_Ti20_Zr20_n100,1800,4.543459208697742,0.49420815151650394,0.6506818696626233,0.6128110458700113,0.7082331696919781,0.0
fcc_to_bcc,FCC-to-BCC,pooled_random_frames,POCC__bcc__POCC_17_H1C4__Hf20_Mo20_Ta20_Ti20_Zr20_n100,960,4.538349818639587,0.5240327601931628,0.6910806615265161,0.6297594558626921,0.7179148018769227,0.0
fcc_to_bcc,FCC-to-BCC,pooled_random_frames,POCC__bcc__POCC_18_H1C5__Hf20_Mo20_Ta20_Ti20_Zr20_n100,180,4.645216172711248,0.5676781125579885,0.724561949589806,0.6404511235266537,0.7550006972736691,0.0
fcc_to_bcc,FCC-to-BCC,pooled_random_frames,POCC__bcc__POCC_19_H1C6__Hf20_Mo20_Ta20_Ti20_Zr20_n100,840,4.616096836140878,0.5081260704363794,0.6359241329993671,0.6047205003177988,0.7289678590045943,0.0
fcc_to_bcc,FCC-to-BCC,pooled_random_frames,POCC__bcc__POCC_20_H1C7__Hf20_Mo20_Ta20_Ti20_Zr20_n100,900,4.600806341790863,0.5051031708522665,0.642481006010396,0.6088626750721202,0.6941482321265459,0.0
fcc_to_bcc,FCC-to-BCC,pooled_random_frames,POCC__bcc__POCC_21_H1C8__Hf20_Mo20_Ta20_Ti20_Zr20_n100,1020,4.559043460387983,0.5004782619426518,0.6354257018427987,0.6084470951658487,0.6973213547125244,0.0
fcc_to_bcc,FCC-to-BCC,pooled_random_frames,POCC__bcc__POCC_22_H1C10__Hf20_Mo20_Ta20_Ti20_Zr20_n100,900,4.552208231616457,0.4976856960952564,0.647362606503017,0.6124934152793685,0.6922366739013528,0.0
fcc_to_bcc,FCC-to-BCC,pooled_random_frames,POCC__bcc__POCC_23_H1C12__Hf20_Mo20_Ta20_Ti20_Zr20_n100,720,4.623701578215881,0.5104033348552987,0.63086670955327,0.6062991896131692,0.7185010302872478,0.0
fcc_to_bcc,FCC-to-BCC,pooled_random_frames,POCC__bcc__POCC_24_H1C14__Hf20_Mo20_Ta20_Ti20_Zr20_n100,540,4.594004810524294,0.5111051449917503,0.6263878447821267,0.6031077101790483,0.6753455505160593,0.0
fcc_to_bcc,FCC-to-BCC,pooled_random_frames,POCC__bcc__POCC_25_H2C0__Hf27_Mo27_Ta27_Ti27_Zr27_n135,60,5.3689348107076444,0.9966198810172938,0.5176416779756535,0.4306827166520208,0.9966198810172938,91.865
fcc_to_bcc,FCC-to-BCC,pooled_random_frames,POCC__bcc__POCC_33_H2C8__Hf27_Mo27_Ta27_Ti27_Zr27_n135,60,5.263812417612762,0.42697066694833263,0.43648625836747307,0.3985979788126307,0.49496702007538274,30.82
fcc_to_bcc,FCC-to-BCC,pooled_random_frames,POCC__bcc__POCC_34_H2C10__Hf27_Mo27_Ta27_Ti27_Zr27_n135,120,4.891658029854182,0.41823762125997793,0.44385055018743996,0.3991772514591932,0.4960520632019028,12.72
fcc_to_bcc,FCC-to-BCC,pooled_random_frames,POCC__bcc__POCC_35_H2C12__Hf27_Mo27_Ta27_Ti27_Zr27_n135,120,4.8735290328812795,0.41827656056912565,0.45014124798461963,0.42396651179207545,0.49963459339068195,0.8
fcc_to_bcc,FCC-to-BCC,pooled_random_frames,POCC__bcc__POCC_36_H2C14__Hf27_Mo27_Ta27_Ti27_Zr27_n135,120,5.005874351140314,0.4132971812487458,0.4543251300751847,0.4294711256303987,0.5230612873218151,0.0
fcc_to_bcc,FCC-to-BCC,pooled_random_frames,POCC__bcc__POCC_37_H3C0__Hf27_Mo27_Ta27_Ti27_Zr27_n135,300,4.960231951961276,0.7297192026202955,0.7917604283311248,0.7788905144413105,0.8012554478776722,0.0
fcc_to_bcc,FCC-to-BCC,pooled_random_frames,POCC__bcc__POCC_38_H4C0__Hf27_Mo27_Ta27_Ti27_Zr27_n135,300,5.432127776753763,0.5251955724467561,0.6231589937161175,0.6140277508915505,0.630195595164472,0.0
fcc_to_bcc,FCC-to-BCC,pooled_random_frames,POCC__bcc__POCC_39_H4C1__Hf27_Mo27_Ta27_Ti27_Zr27_n135,300,5.432350480167885,0.5083119722847577,0.6271516262006737,0.6166901180021428,0.635427689170249,0.0
fcc_to_bcc,FCC-to-BCC,pooled_random_frames,POCC__bcc__POCC_40_H4C2__Hf27_Mo27_Ta27_Ti27_Zr27_n135,300,5.441472759376545,0.5174141245839705,0.6204978208516005,0.6108821844257117,0.6290284328709547,0.0
fcc_to_bcc,FCC-to-BCC,pooled_random_frames,POCC__bcc__POCC_41_H4C3__Hf27_Mo27_Ta27_Ti27_Zr27_n135,360,5.4730922037283785,0.5287910747681955,0.6303755670019279,0.6156082604435938,0.6415705204538833,0.0
fcc_to_bcc,FCC-to-BCC,pooled_random_frames,POCC__bcc__POCC_42_H4C4__Hf27_Mo27_Ta27_Ti27_Zr27_n135,360,5.400468453212614,0.4922134453387049,0.6258451108048833,0.6066481392955954,0.6373551377004945,0.0
fcc_to_bcc,FCC-to-BCC,pooled_random_frames,POCC__bcc__POCC_43_H4C5__Hf27_Mo27_Ta27_Ti27_Zr27_n135,360,5.395412733036429,0.49338281353576074,0.6208004546783947,0.6109325815772333,0.6294110136013041,0.0
fcc_to_bcc,FCC-to-BCC,pooled_random_frames,POCC__bcc__POCC_44_H4C6__Hf27_Mo27_Ta27_Ti27_Zr27_n135,300,5.498576913671456,0.5529490534991104,0.6263706292381286,0.6131771851112424,0.6418831930189679,0.0
fcc_to_bcc,FCC-to-BCC,pooled_random_frames,POCC__bcc__POCC_45_H4C7__Hf27_Mo27_Ta27_Ti27_Zr27_n135,360,5.425115167796466,0.51206403789144,0.624999636661218,0.614776345285171,0.633675357851238,0.0
fcc_to_bcc,FCC-to-BCC,pooled_random_frames,POCC__bcc__POCC_46_H4C8__Hf27_Mo27_Ta27_Ti27_Zr27_n135,300,5.520309438178991,0.5570936758820418,0.6699112872326483,0.6120443770339855,0.6908406776296572,0.0
fcc_to_bcc,FCC-to-BCC,pooled_random_frames,POCC__bcc__POCC_47_H4C10__Hf27_Mo27_Ta27_Ti27_Zr27_n135,300,5.491801119518442,0.698301370614684,0.7797309235378879,0.6136612541304223,0.8076666550797229,34.37
fcc_to_bcc,FCC-to-BCC,pooled_random_frames,POCC__bcc__POCC_48_H4C12__Hf27_Mo27_Ta27_Ti27_Zr27_n135,360,5.491008477984291,0.5506490663881253,0.6321437382941866,0.6163387326112548,0.6445292312139804,0.0
fcc_to_bcc,FCC-to-BCC,pooled_random_frames,POCC__bcc__POCC_49_H4C14__Hf27_Mo27_Ta27_Ti27_Zr27_n135,300,5.462055158842634,0.5232980578105172,0.6251407397402788,0.6167505689405255,0.6304069080477953,0.0
fcc_to_bcc,FCC-to-BCC,one_per_trajectory,POCC__bcc__POCC_01_H0C0__Hf32_Mo32_Ta32_Ti32_Zr32_n160,60,3.7680644386616122,0.04302599855431599,0.2362876044949411,0.20663119489924212,0.26694389099449917,0.0
fcc_to_bcc,FCC-to-BCC,one_per_trajectory,POCC__bcc__POCC_02_H0C1__Hf32_Mo32_Ta32_Ti32_Zr32_n160,60,3.7020767236977905,0.02061242169083852,0.24844407592940032,0.17965861839056216,0.25583259276745934,0.0
fcc_to_bcc,FCC-to-BCC,one_per_trajectory,POCC__bcc__POCC_03_H0C2__Hf32_Mo32_Ta32_Ti32_Zr32_n160,60,3.694110039599657,0.06840339358819467,0.2566985066632326,0.21473702535408148,0.28681974473813754,0.0
fcc_to_bcc,FCC-to-BCC,one_per_trajectory,POCC__bcc__POCC_04_H0C3__Hf32_Mo32_Ta32_Ti32_Zr32_n160,60,3.560535818176704,0.0,0.1750649456919072,0.1460801067584986,0.22904829673846047,0.0
fcc_to_bcc,FCC-to-BCC,one_per_trajectory,POCC__bcc__POCC_05_H0C4__Hf32_Mo32_Ta32_Ti32_Zr32_n160,60,3.706039443735964,0.12995291405643608,0.29209906569391203,0.25436059469778055,0.3204907565521724,0.0
fcc_to_bcc,FCC-to-BCC,one_per_trajectory,POCC__bcc__POCC_06_H0C5__Hf32_Mo32_Ta32_Ti32_Zr32_n160,60,3.7225357575997666,0.12478466392714452,0.28182579627890925,0.2549196191500354,0.30794665247145986,0.0
fcc_to_bcc,FCC-to-BCC,one_per_trajectory,POCC__bcc__POCC_07_H0C6__Hf32_Mo32_Ta32_Ti32_Zr32_n160,60,3.6515285073235133,0.0,0.16981082920693688,0.12409522855438126,0.17965775340247928,0.0
fcc_to_bcc,FCC-to-BCC,one_per_trajectory,POCC__bcc__POCC_08_H0C7__Hf32_Mo32_Ta32_Ti32_Zr32_n160,60,3.6387879886336343,0.0,0.20367689826304722,0.1662777205953543,0.24114161198841305,0.0
fcc_to_bcc,FCC-to-BCC,one_per_trajectory,POCC__bcc__POCC_09_H0C8__Hf32_Mo32_Ta32_Ti32_Zr32_n160,60,3.6998213024481332,0.07199829012077197,0.24873686488663238,0.17564635179352783,0.26959282703793347,0.0
fcc_to_bcc,FCC-to-BCC,one_per_trajectory,POCC__bcc__POCC_10_H0C10__Hf32_Mo32_Ta32_Ti32_Zr32_n160,60,3.50165458128283,0.0,0.17109118330928955,0.11261667091484068,0.19014517298091982,0.0
fcc_to_bcc,FCC-to-BCC,one_per_trajectory,POCC__bcc__POCC_11_H0C12__Hf32_Mo32_Ta32_Ti32_Zr32_n160,60,3.6577942839412954,0.0,0.18151041552441055,0.15541201230673407,0.19933167024750903,0.0
fcc_to_bcc,FCC-to-BCC,one_per_trajectory,POCC__bcc__POCC_12_H0C14__Hf32_Mo32_Ta32_Ti32_Zr32_n160,60,3.773485589645493,0.03628064160562141,0.2165178637337116,0.1841052679157607,0.2556141095183148,0.0
fcc_to_bcc,FCC-to-BCC,one_per_trajectory,POCC__bcc__POCC_13_H1C0__Hf20_Mo20_Ta20_Ti20_Zr20_n100,240,4.614244489334372,0.5108843451730831,0.6583745365588766,0.6203449462319265,0.7238329261343245,0.0
fcc_to_bcc,FCC-to-BCC,one_per_trajectory,POCC__bcc__POCC_14_H1C1__Hf20_Mo20_Ta20_Ti20_Zr20_n100,900,4.5828648690984615,0.4969093664701529,0.6899438863628694,0.6343520907217053,0.6986882635751176,0.0
fcc_to_bcc,FCC-to-BCC,one_per_trajectory,POCC__bcc__POCC_15_H1C2__Hf20_Mo20_Ta20_Ti20_Zr20_n100,720,4.536847796753316,0.49641905822208554,0.6695170907421292,0.6272780174424099,0.6972776944551414,0.0
fcc_to_bcc,FCC-to-BCC,one_per_trajectory,POCC__bcc__POCC_16_H1C3__Hf20_Mo20_Ta20_Ti20_Zr20_n100,1800,4.543459208697742,0.49420815151650394,0.6829890447702265,0.6325211868151123,0.6976541563685921,0.0
fcc_to_bcc,FCC-to-BCC,one_per_trajectory,POCC__bcc__POCC_17_H1C4__Hf20_Mo20_Ta20_Ti20_Zr20_n100,960,4.538349818639587,0.5240327601931628,0.6879345084374364,0.6449121115788425,0.6970748764900293,0.0
fcc_to_bcc,FCC-to-BCC,one_per_trajectory,POCC__bcc__POCC_18_H1C5__Hf20_Mo20_Ta20_Ti20_Zr20_n100,180,4.645216172711248,0.5676781125579885,0.7224917616042177,0.6503180945774284,0.733148764726231,0.0
fcc_to_bcc,FCC-to-BCC,one_per_trajectory,POCC__bcc__POCC_19_H1C6__Hf20_Mo20_Ta20_Ti20_Zr20_n100,840,4.616096836140878,0.5081260704363794,0.6891879267832082,0.6250485610951039,0.7208506349638837,0.0
fcc_to_bcc,FCC-to-BCC,one_per_trajectory,POCC__bcc__POCC_20_H1C7__Hf20_Mo20_Ta20_Ti20_Zr20_n100,900,4.600806341790863,0.5051031708522665,0.6790334877668617,0.629897754172034,0.6851817130253703,0.0
fcc_to_bcc,FCC-to-BCC,one_per_trajectory,POCC__bcc__POCC_21_H1C8__Hf20_Mo20_Ta20_Ti20_Zr20_n100,1020,4.559043460387983,0.5004782619426518,0.6733895143376053,0.6237742512716268,0.6926794610287162,0.0
fcc_to_bcc,FCC-to-BCC,one_per_trajectory,POCC__bcc__POCC_22_H1C10__Hf20_Mo20_Ta20_Ti20_Zr20_n100,900,4.552208231616457,0.4976856960952564,0.6723443686749094,0.6346189156352177,0.6922593293152728,0.0
fcc_to_bcc,FCC-to-BCC,one_per_trajectory,POCC__bcc__POCC_23_H1C12__Hf20_Mo20_Ta20_Ti20_Zr20_n100,720,4.623701578215881,0.5104033348552987,0.6898783177275957,0.6237922704784861,0.7091572842817929,0.0
fcc_to_bcc,FCC-to-BCC,one_per_trajectory,POCC__bcc__POCC_24_H1C14__Hf20_Mo20_Ta20_Ti20_Zr20_n100,540,4.594004810524294,0.5111051449917503,0.6709656401645119,0.6143440914701186,0.6828048755458104,0.0
fcc_to_bcc,FCC-to-BCC,one_per_trajectory,POCC__bcc__POCC_25_H2C0__Hf27_Mo27_Ta27_Ti27_Zr27_n135,60,5.3689348107076444,0.9966198810172938,0.7833691695541637,0.7468425601537583,0.9966198810172938,83.1
fcc_to_bcc,FCC-to-BCC,one_per_trajectory,POCC__bcc__POCC_33_H2C8__Hf27_Mo27_Ta27_Ti27_Zr27_n135,60,5.263812417612762,0.42697066694833263,0.4627104524011778,0.42697865300556537,0.49953168928448466,1.125
fcc_to_bcc,FCC-to-BCC,one_per_trajectory,POCC__bcc__POCC_34_H2C10__Hf27_Mo27_Ta27_Ti27_Zr27_n135,120,4.891658029854182,0.41823762125997793,0.49077990768635593,0.46294642363479294,0.503868162799792,0.0
fcc_to_bcc,FCC-to-BCC,one_per_trajectory,POCC__bcc__POCC_35_H2C12__Hf27_Mo27_Ta27_Ti27_Zr27_n135,120,4.8735290328812795,0.41827656056912565,0.48907504771745036,0.46653764240954654,0.5066664300927051,0.0
fcc_to_bcc,FCC-to-BCC,one_per_trajectory,POCC__bcc__POCC_36_H2C14__Hf27_Mo27_Ta27_Ti27_Zr27_n135,120,5.005874351140314,0.4132971812487458,0.5090600936065334,0.4439299085387351,0.5265512594616392,0.0
fcc_to_bcc,FCC-to-BCC,one_per_trajectory,POCC__bcc__POCC_37_H3C0__Hf27_Mo27_Ta27_Ti27_Zr27_n135,300,4.960231951961276,0.7297192026202955,0.7825759547350948,0.7754048724639777,0.7891680738906349,0.0
fcc_to_bcc,FCC-to-BCC,one_per_trajectory,POCC__bcc__POCC_38_H4C0__Hf27_Mo27_Ta27_Ti27_Zr27_n135,300,5.432127776753763,0.5251955724467561,0.6176097367912989,0.6087354190594836,0.6245873087472938,0.0
fcc_to_bcc,FCC-to-BCC,one_per_trajectory,POCC__bcc__POCC_39_H4C1__Hf27_Mo27_Ta27_Ti27_Zr27_n135,300,5.432350480167885,0.5083119722847577,0.6206752883323593,0.6102345148553178,0.6286421118746719,0.0
fcc_to_bcc,FCC-to-BCC,one_per_trajectory,POCC__bcc__POCC_40_H4C2__Hf27_Mo27_Ta27_Ti27_Zr27_n135,300,5.441472759376545,0.5174141245839705,0.615562136908587,0.6052480877162403,0.6248379007226049,0.0
fcc_to_bcc,FCC-to-BCC,one_per_trajectory,POCC__bcc__POCC_41_H4C3__Hf27_Mo27_Ta27_Ti27_Zr27_n135,360,5.4730922037283785,0.5287910747681955,0.6278951264846837,0.617962345252736,0.6373267740821178,0.0
fcc_to_bcc,FCC-to-BCC,one_per_trajectory,POCC__bcc__POCC_42_H4C4__Hf27_Mo27_Ta27_Ti27_Zr27_n135,360,5.400468453212614,0.4922134453387049,0.6248379109115283,0.6030285164127438,0.6316942184606066,0.0
fcc_to_bcc,FCC-to-BCC,one_per_trajectory,POCC__bcc__POCC_43_H4C5__Hf27_Mo27_Ta27_Ti27_Zr27_n135,360,5.395412733036429,0.49338281353576074,0.6163900768833258,0.6060196551893705,0.6249579862636774,0.0
fcc_to_bcc,FCC-to-BCC,one_per_trajectory,POCC__bcc__POCC_44_H4C6__Hf27_Mo27_Ta27_Ti27_Zr27_n135,300,5.498576913671456,0.5529490534991104,0.6231911498704448,0.6113362844199124,0.6358934959018572,0.0
fcc_to_bcc,FCC-to-BCC,one_per_trajectory,POCC__bcc__POCC_45_H4C7__Hf27_Mo27_Ta27_Ti27_Zr27_n135,360,5.425115167796466,0.51206403789144,0.6213747341351855,0.6119687339749054,0.6293726367374064,0.0
fcc_to_bcc,FCC-to-BCC,one_per_trajectory,POCC__bcc__POCC_46_H4C8__Hf27_Mo27_Ta27_Ti27_Zr27_n135,300,5.520309438178991,0.5570936758820418,0.6708032492416462,0.6259406833572655,0.685171457156325,0.0
fcc_to_bcc,FCC-to-BCC,one_per_trajectory,POCC__bcc__POCC_47_H4C10__Hf27_Mo27_Ta27_Ti27_Zr27_n135,300,5.491801119518442,0.698301370614684,0.7797309235378879,0.7017682802354658,0.7876203515406782,0.015
fcc_to_bcc,FCC-to-BCC,one_per_trajectory,POCC__bcc__POCC_48_H4C12__Hf27_Mo27_Ta27_Ti27_Zr27_n135,360,5.491008477984291,0.5506490663881253,0.6297387221391337,0.6134361336419243,0.6373880007280712,0.0
fcc_to_bcc,FCC-to-BCC,one_per_trajectory,POCC__bcc__POCC_49_H4C14__Hf27_Mo27_Ta27_Ti27_Zr27_n135,300,5.462055158842634,0.5232980578105172,0.6204886123425716,0.6119045226678759,0.6273959161945153,0.0
bcc_to_fcc,BCC-to-FCC,pooled_random_frames,POCC__fcc__POCC_01_H0C0__Hf27_Mo27_Ta27_Ti27_Zr27_n135,180,3.7978317847440213,0.22198271215123916,0.2760665208461692,0.23846672979698788,0.3141047802719961,0.03
bcc_to_fcc,BCC-to-FCC,pooled_random_frames,POCC__fcc__POCC_02_H0C1__Hf27_Mo27_Ta27_Ti27_Zr27_n135,180,3.6134111094702277,0.16711378314666783,0.257849173905188,0.21578082710723367,0.2804965948741251,0.0
bcc_to_fcc,BCC-to-FCC,pooled_random_frames,POCC__fcc__POCC_03_H0C2__Hf27_Mo27_Ta27_Ti27_Zr27_n135,240,3.68521101986824,0.21443914232810896,0.2816802676463969,0.2440912470077878,0.29397422760966696,0.02
bcc_to_fcc,BCC-to-FCC,pooled_random_frames,POCC__fcc__POCC_04_H0C3__Hf27_Mo27_Ta27_Ti27_Zr27_n135,240,3.656619899373652,0.20991531727206098,0.3046233142969023,0.2806769839893276,0.31653840415477014,0.0
bcc_to_fcc,BCC-to-FCC,pooled_random_frames,POCC__fcc__POCC_05_H0C4__Hf27_Mo27_Ta27_Ti27_Zr27_n135,180,3.7509676879486014,0.20920580268513864,0.30871314403857275,0.26141833912668677,0.32427049695007054,0.0
bcc_to_fcc,BCC-to-FCC,pooled_random_frames,POCC__fcc__POCC_06_H0C5__Hf27_Mo27_Ta27_Ti27_Zr27_n135,180,3.7534336961956947,0.23590772932082824,0.32069589566728807,0.26963163126532474,0.34549872480335725,0.0
bcc_to_fcc,BCC-to-FCC,pooled_random_frames,POCC__fcc__POCC_07_H0C6__Hf27_Mo27_Ta27_Ti27_Zr27_n135,180,3.686280272313149,0.18066983472016707,0.2959056769842173,0.24645246175115862,0.3111298905461064,0.0
bcc_to_fcc,BCC-to-FCC,pooled_random_frames,POCC__fcc__POCC_08_H0C7__Hf27_Mo27_Ta27_Ti27_Zr27_n135,60,4.460461985632337,0.231672757622336,0.23352468758987494,0.196900369516011,0.28173057498698556,41.305
bcc_to_fcc,BCC-to-FCC,pooled_random_frames,POCC__fcc__POCC_09_H0C8__Hf27_Mo27_Ta27_Ti27_Zr27_n135,120,3.9364383302166073,0.19483593223461382,0.2130094805182211,0.18101054498021754,0.3251932263079215,20.01
bcc_to_fcc,BCC-to-FCC,pooled_random_frames,POCC__fcc__POCC_10_H0C10__Hf27_Mo27_Ta27_Ti27_Zr27_n135,120,3.8615820189140475,0.1609279541448451,0.22328371667128277,0.18872427741574005,0.2901269993754923,0.05
bcc_to_fcc,BCC-to-FCC,pooled_random_frames,POCC__fcc__POCC_11_H0C12__Hf27_Mo27_Ta27_Ti27_Zr27_n135,120,3.9207517692476896,0.2526515790511921,0.23694012355803998,0.1967469991033677,0.3710811004358889,66.14
bcc_to_fcc,BCC-to-FCC,pooled_random_frames,POCC__fcc__POCC_12_H0C14__Hf27_Mo27_Ta27_Ti27_Zr27_n135,120,3.9027619630122787,0.2344420291774035,0.2473512517062182,0.1875110456257291,0.36105354611304374,31.81
bcc_to_fcc,BCC-to-FCC,pooled_random_frames,POCC__fcc__POCC_13_H1C0__Hf27_Mo27_Ta27_Ti27_Zr27_n135,180,4.591236371043089,0.5312257725833971,0.6407584939363811,0.611523676359933,0.6797068693024503,0.0
bcc_to_fcc,BCC-to-FCC,pooled_random_frames,POCC__fcc__POCC_14_H1C1__Hf27_Mo27_Ta27_Ti27_Zr27_n135,240,4.637904564793718,0.5857658203962746,0.690683504596971,0.651976875497028,0.7127460758686811,0.0
bcc_to_fcc,BCC-to-FCC,pooled_random_frames,POCC__fcc__POCC_15_H1C2__Hf27_Mo27_Ta27_Ti27_Zr27_n135,240,4.590176213213372,0.5700713815641375,0.6723595918620979,0.6147829192632653,0.6990402737617232,0.0
bcc_to_fcc,BCC-to-FCC,pooled_random_frames,POCC__fcc__POCC_16_H1C3__Hf27_Mo27_Ta27_Ti27_Zr27_n135,240,4.635574208776912,0.5983350242293,0.7135109988540937,0.6774748758152821,0.7298925677855702,0.0
bcc_to_fcc,BCC-to-FCC,pooled_random_frames,POCC__fcc__POCC_17_H1C4__Hf27_Mo27_Ta27_Ti27_Zr27_n135,180,4.888774620120708,0.42707850027373134,0.4842762787018064,0.44967937414142667,0.5229985312522064,0.04
bcc_to_fcc,BCC-to-FCC,pooled_random_frames,POCC__fcc__POCC_18_H1C5__Hf27_Mo27_Ta27_Ti27_Zr27_n135,180,4.898780688729807,0.40610500008827904,0.4607835154225593,0.43703926557081924,0.47574663046925075,0.01
bcc_to_fcc,BCC-to-FCC,pooled_random_frames,POCC__fcc__POCC_19_H1C6__Hf27_Mo27_Ta27_Ti27_Zr27_n135,240,4.644509765763365,0.6272725632215468,0.7056848016444816,0.637031915771498,0.7270846626883679,1.21
bcc_to_fcc,BCC-to-FCC,pooled_random_frames,POCC__fcc__POCC_20_H1C7__Hf27_Mo27_Ta27_Ti27_Zr27_n135,180,4.696960908069379,0.551573439737704,0.6790110063147006,0.6380219646974074,0.6964983642882321,0.0
bcc_to_fcc,BCC-to-FCC,pooled_random_frames,POCC__fcc__POCC_21_H1C8__Hf27_Mo27_Ta27_Ti27_Zr27_n135,180,4.632958616969924,0.5474218838710124,0.6692388046853457,0.6212657922968631,0.6931506945565272,0.0
bcc_to_fcc,BCC-to-FCC,pooled_random_frames,POCC__fcc__POCC_22_H1C10__Hf27_Mo27_Ta27_Ti27_Zr27_n135,180,4.672065832014681,0.554119674283716,0.6761161659206875,0.638742650780578,0.6935685535511471,0.0
bcc_to_fcc,BCC-to-FCC,pooled_random_frames,POCC__fcc__POCC_23_H1C12__Hf27_Mo27_Ta27_Ti27_Zr27_n135,180,4.63962121576174,0.6004321983025452,0.6819912283914529,0.6289043322529261,0.708433921831905,0.04
bcc_to_fcc,BCC-to-FCC,pooled_random_frames,POCC__fcc__POCC_24_H1C14__Hf27_Mo27_Ta27_Ti27_Zr27_n135,120,4.7379404198303225,0.5054646073705901,0.6326634558986424,0.5592381420590538,0.6786060284819908,0.0
bcc_to_fcc,BCC-to-FCC,pooled_random_frames,POCC__fcc__POCC_25_H2C0__Hf18_Mo18_Ta18_Ti18_Zr18_n90,600,4.925002121311918,0.6788749884098392,0.6419214203370975,0.6270861624808401,0.7602014361123206,51.09
bcc_to_fcc,BCC-to-FCC,pooled_random_frames,POCC__fcc__POCC_26_H2C1__Hf18_Mo18_Ta18_Ti18_Zr18_n90,600,4.913785815971577,0.6556933750096979,0.6422935149755888,0.6260925695351117,0.7456095568123472,51.09
bcc_to_fcc,BCC-to-FCC,pooled_random_frames,POCC__fcc__POCC_27_H2C2__Hf18_Mo18_Ta18_Ti18_Zr18_n90,600,4.957881753754508,0.6352109648345341,0.6384091605778428,0.6275095818428367,0.7255706060480556,39.93
bcc_to_fcc,BCC-to-FCC,pooled_random_frames,POCC__fcc__POCC_28_H2C3__Hf18_Mo18_Ta18_Ti18_Zr18_n90,600,4.941155028037018,0.6556034258887883,0.639673231585768,0.6273702691290246,0.7351947753304803,51.09
bcc_to_fcc,BCC-to-FCC,pooled_random_frames,POCC__fcc__POCC_29_H2C4__Hf18_Mo18_Ta18_Ti18_Zr18_n90,540,4.910908685293982,0.6234098929680087,0.6425348734184064,0.6269665282813257,0.7144596615085185,0.15
bcc_to_fcc,BCC-to-FCC,pooled_random_frames,POCC__fcc__POCC_30_H2C5__Hf18_Mo18_Ta18_Ti18_Zr18_n90,660,4.9343153342501775,0.6288003223302225,0.641004321430209,0.6289049968923476,0.7114853473604938,2.21
bcc_to_fcc,BCC-to-FCC,pooled_random_frames,POCC__fcc__POCC_31_H2C6__Hf18_Mo18_Ta18_Ti18_Zr18_n90,540,4.535763386264398,0.5779942101005664,0.6904151097367404,0.6392587256883926,0.7123040658107513,0.0
bcc_to_fcc,BCC-to-FCC,pooled_random_frames,POCC__fcc__POCC_32_H2C7__Hf18_Mo18_Ta18_Ti18_Zr18_n90,600,4.942876887820386,0.6380133848669213,0.6365356137672069,0.6258466099461439,0.7286142004014781,50.81
bcc_to_fcc,BCC-to-FCC,pooled_random_frames,POCC__fcc__POCC_33_H2C8__Hf18_Mo18_Ta18_Ti18_Zr18_n90,600,4.91547251399432,0.6568886687435976,0.6434810915795968,0.6273321479381715,0.7409444554414679,51.09
bcc_to_fcc,BCC-to-FCC,pooled_random_frames,POCC__fcc__POCC_34_H2C10__Hf18_Mo18_Ta18_Ti18_Zr18_n90,600,4.9194347031009995,0.687676040977742,0.6424400022157759,0.6257213779729077,0.7595019379741427,51.09
bcc_to_fcc,BCC-to-FCC,pooled_random_frames,POCC__fcc__POCC_35_H2C12__Hf18_Mo18_Ta18_Ti18_Zr18_n90,540,4.535583016280416,0.5897098898463073,0.6603447082089341,0.6435901506732481,0.697880984827268,0.0
bcc_to_fcc,BCC-to-FCC,pooled_random_frames,POCC__fcc__POCC_36_H2C14__Hf18_Mo18_Ta18_Ti18_Zr18_n90,540,4.934715325023624,0.6363703810258974,0.637481861513233,0.624981778493074,0.7273074868270235,48.67
bcc_to_fcc,BCC-to-FCC,pooled_random_frames,POCC__fcc__POCC_37_H3C0__Hf27_Mo27_Ta27_Ti27_Zr27_n135,180,4.838954164451376,0.6772972502342909,0.46758736447995386,0.4210393975000657,0.679604201269453,92.14
bcc_to_fcc,BCC-to-FCC,pooled_random_frames,POCC__fcc__POCC_38_H3C1__Hf27_Mo27_Ta27_Ti27_Zr27_n135,240,4.744000386652012,0.4650695555309911,0.49581879032741855,0.45440526652338076,0.5485437639896836,11.3
bcc_to_fcc,BCC-to-FCC,pooled_random_frames,POCC__fcc__POCC_39_H3C2__Hf27_Mo27_Ta27_Ti27_Zr27_n135,180,4.751826777137643,0.4977428767375397,0.474052519558233,0.4264138021792073,0.5204847901489192,85.61
bcc_to_fcc,BCC-to-FCC,pooled_random_frames,POCC__fcc__POCC_40_H3C3__Hf27_Mo27_Ta27_Ti27_Zr27_n135,180,4.792222834513693,0.39181915511912224,0.4837191312239399,0.44244340326355797,0.5099587209478359,0.0
bcc_to_fcc,BCC-to-FCC,pooled_random_frames,POCC__fcc__POCC_49_H4C0__Hf27_Mo27_Ta27_Ti27_Zr27_n135,360,5.491299392047603,0.7108919407886919,0.7350766250454328,0.6197085862659327,0.8047851267614672,39.26
bcc_to_fcc,BCC-to-FCC,one_per_trajectory,POCC__fcc__POCC_01_H0C0__Hf27_Mo27_Ta27_Ti27_Zr27_n135,180,3.7978317847440213,0.22198271215123916,0.3019265281841074,0.25452722268398675,0.3128290356273748,0.0
bcc_to_fcc,BCC-to-FCC,one_per_trajectory,POCC__fcc__POCC_02_H0C1__Hf27_Mo27_Ta27_Ti27_Zr27_n135,180,3.6134111094702277,0.16711378314666783,0.2554556572619724,0.23339880924318493,0.2753909773362954,0.0
bcc_to_fcc,BCC-to-FCC,one_per_trajectory,POCC__fcc__POCC_03_H0C2__Hf27_Mo27_Ta27_Ti27_Zr27_n135,240,3.68521101986824,0.21443914232810896,0.2762457332710065,0.25522364508742956,0.28536774797067715,0.0
bcc_to_fcc,BCC-to-FCC,one_per_trajectory,POCC__fcc__POCC_04_H0C3__Hf27_Mo27_Ta27_Ti27_Zr27_n135,240,3.656619899373652,0.20991531727206098,0.28552845839209556,0.2713971611666689,0.29739987098022547,0.0
bcc_to_fcc,BCC-to-FCC,one_per_trajectory,POCC__fcc__POCC_05_H0C4__Hf27_Mo27_Ta27_Ti27_Zr27_n135,180,3.7509676879486014,0.20920580268513864,0.3024351941590482,0.2799565730830655,0.31508524893917156,0.0
bcc_to_fcc,BCC-to-FCC,one_per_trajectory,POCC__fcc__POCC_06_H0C5__Hf27_Mo27_Ta27_Ti27_Zr27_n135,180,3.7534336961956947,0.23590772932082824,0.3289466029753732,0.29436321819471833,0.3407744519345399,0.0
bcc_to_fcc,BCC-to-FCC,one_per_trajectory,POCC__fcc__POCC_07_H0C6__Hf27_Mo27_Ta27_Ti27_Zr27_n135,180,3.686280272313149,0.18066983472016707,0.2875624858214007,0.26462977113466984,0.2978126298977781,0.0
bcc_to_fcc,BCC-to-FCC,one_per_trajectory,POCC__fcc__POCC_08_H0C7__Hf27_Mo27_Ta27_Ti27_Zr27_n135,60,4.460461985632337,0.231672757622336,0.24911519572600488,0.231608880608677,0.28909888553053925,4.215
bcc_to_fcc,BCC-to-FCC,one_per_trajectory,POCC__fcc__POCC_09_H0C8__Hf27_Mo27_Ta27_Ti27_Zr27_n135,120,3.9364383302166073,0.19483593223461382,0.27715682041054646,0.1948438044871742,0.3231316828330274,0.0
bcc_to_fcc,BCC-to-FCC,one_per_trajectory,POCC__fcc__POCC_10_H0C10__Hf27_Mo27_Ta27_Ti27_Zr27_n135,120,3.8615820189140475,0.1609279541448451,0.24620308536864918,0.19762763453704804,0.2901269993754923,0.0
bcc_to_fcc,BCC-to-FCC,one_per_trajectory,POCC__fcc__POCC_11_H0C12__Hf27_Mo27_Ta27_Ti27_Zr27_n135,120,3.9207517692476896,0.2526515790511921,0.35621249324295123,0.25769474485000754,0.3725556296354375,0.0
bcc_to_fcc,BCC-to-FCC,one_per_trajectory,POCC__fcc__POCC_12_H0C14__Hf27_Mo27_Ta27_Ti27_Zr27_n135,120,3.9027619630122787,0.2344420291774035,0.3426873851903798,0.29304711478432843,0.3857662757609255,0.0
bcc_to_fcc,BCC-to-FCC,one_per_trajectory,POCC__fcc__POCC_13_H1C0__Hf27_Mo27_Ta27_Ti27_Zr27_n135,180,4.591236371043089,0.5312257725833971,0.6601039727538391,0.6193577432516185,0.6776895097545618,0.0
bcc_to_fcc,BCC-to-FCC,one_per_trajectory,POCC__fcc__POCC_14_H1C1__Hf27_Mo27_Ta27_Ti27_Zr27_n135,240,4.637904564793718,0.5857658203962746,0.6778859334565692,0.6558337592499683,0.6925933611080913,0.0
bcc_to_fcc,BCC-to-FCC,one_per_trajectory,POCC__fcc__POCC_15_H1C2__Hf27_Mo27_Ta27_Ti27_Zr27_n135,240,4.590176213213372,0.5700713815641375,0.6628925408914739,0.6253751413365533,0.6735154163045796,0.0
bcc_to_fcc,BCC-to-FCC,one_per_trajectory,POCC__fcc__POCC_16_H1C3__Hf27_Mo27_Ta27_Ti27_Zr27_n135,240,4.635574208776912,0.5983350242293,0.6824531029467634,0.657651903614359,0.692213707674374,0.0
bcc_to_fcc,BCC-to-FCC,one_per_trajectory,POCC__fcc__POCC_17_H1C4__Hf27_Mo27_Ta27_Ti27_Zr27_n135,180,4.888774620120708,0.42707850027373134,0.5106912738137326,0.4845046461882824,0.5241307409774315,0.0
bcc_to_fcc,BCC-to-FCC,one_per_trajectory,POCC__fcc__POCC_18_H1C5__Hf27_Mo27_Ta27_Ti27_Zr27_n135,180,4.898780688729807,0.40610500008827904,0.4637653065716214,0.4456579486203897,0.4759297656495481,0.0
bcc_to_fcc,BCC-to-FCC,one_per_trajectory,POCC__fcc__POCC_19_H1C6__Hf27_Mo27_Ta27_Ti27_Zr27_n135,240,4.644509765763365,0.6272725632215468,0.6938253912328326,0.6708768698395994,0.7054652299211974,0.0
bcc_to_fcc,BCC-to-FCC,one_per_trajectory,POCC__fcc__POCC_20_H1C7__Hf27_Mo27_Ta27_Ti27_Zr27_n135,180,4.696960908069379,0.551573439737704,0.6648217449455106,0.6393068718918657,0.6822813492804489,0.0
bcc_to_fcc,BCC-to-FCC,one_per_trajectory,POCC__fcc__POCC_21_H1C8__Hf27_Mo27_Ta27_Ti27_Zr27_n135,180,4.632958616969924,0.5474218838710124,0.6555867007818917,0.6290918979709657,0.6719510885506047,0.0
bcc_to_fcc,BCC-to-FCC,one_per_trajectory,POCC__fcc__POCC_22_H1C10__Hf27_Mo27_Ta27_Ti27_Zr27_n135,180,4.672065832014681,0.554119674283716,0.6596214462033948,0.6343550693618368,0.6746399093380759,0.0
bcc_to_fcc,BCC-to-FCC,one_per_trajectory,POCC__fcc__POCC_23_H1C12__Hf27_Mo27_Ta27_Ti27_Zr27_n135,180,4.63962121576174,0.6004321983025452,0.67441111184311,0.6549958131290182,0.6865603792559372,0.0
bcc_to_fcc,BCC-to-FCC,one_per_trajectory,POCC__fcc__POCC_24_H1C14__Hf27_Mo27_Ta27_Ti27_Zr27_n135,120,4.7379404198303225,0.5054646073705901,0.6282255470912411,0.5773513368894521,0.6690514006868074,0.0
bcc_to_fcc,BCC-to-FCC,one_per_trajectory,POCC__fcc__POCC_25_H2C0__Hf18_Mo18_Ta18_Ti18_Zr18_n90,600,4.925002121311918,0.6788749884098392,0.73787431851556,0.6830479239786811,0.7437235660405167,0.0
bcc_to_fcc,BCC-to-FCC,one_per_trajectory,POCC__fcc__POCC_26_H2C1__Hf18_Mo18_Ta18_Ti18_Zr18_n90,600,4.913785815971577,0.6556933750096979,0.7223567666593832,0.6678818864203148,0.7308854649895995,0.0
bcc_to_fcc,BCC-to-FCC,one_per_trajectory,POCC__fcc__POCC_27_H2C2__Hf18_Mo18_Ta18_Ti18_Zr18_n90,600,4.957881753754508,0.6352109648345341,0.7018197158719829,0.6555179921179463,0.7149928432801269,0.0
bcc_to_fcc,BCC-to-FCC,one_per_trajectory,POCC__fcc__POCC_28_H2C3__Hf18_Mo18_Ta18_Ti18_Zr18_n90,600,4.941155028037018,0.6556034258887883,0.7134389141224239,0.6655520899647623,0.7240850929618845,0.0
bcc_to_fcc,BCC-to-FCC,one_per_trajectory,POCC__fcc__POCC_29_H2C4__Hf18_Mo18_Ta18_Ti18_Zr18_n90,540,4.910908685293982,0.6234098929680087,0.6954427631616085,0.6491863157721925,0.6978887511766597,0.0
bcc_to_fcc,BCC-to-FCC,one_per_trajectory,POCC__fcc__POCC_30_H2C5__Hf18_Mo18_Ta18_Ti18_Zr18_n90,660,4.9343153342501775,0.6288003223302225,0.6941116130294793,0.6508516397419332,0.6999759421556776,0.0
bcc_to_fcc,BCC-to-FCC,one_per_trajectory,POCC__fcc__POCC_31_H2C6__Hf18_Mo18_Ta18_Ti18_Zr18_n90,540,4.535763386264398,0.5779942101005664,0.6762165451907071,0.6445789778769742,0.6844666741095173,0.0
bcc_to_fcc,BCC-to-FCC,one_per_trajectory,POCC__fcc__POCC_32_H2C7__Hf18_Mo18_Ta18_Ti18_Zr18_n90,600,4.942876887820386,0.6380133848669213,0.7056816207777681,0.655366785701171,0.7191212190544986,0.0
bcc_to_fcc,BCC-to-FCC,one_per_trajectory,POCC__fcc__POCC_33_H2C8__Hf18_Mo18_Ta18_Ti18_Zr18_n90,600,4.91547251399432,0.6568886687435976,0.7199825581276352,0.6686687561950916,0.7290437236694007,0.0
bcc_to_fcc,BCC-to-FCC,one_per_trajectory,POCC__fcc__POCC_34_H2C10__Hf18_Mo18_Ta18_Ti18_Zr18_n90,600,4.9194347031009995,0.687676040977742,0.7418075287949978,0.6888553113652413,0.7467475514098744,0.01
bcc_to_fcc,BCC-to-FCC,one_per_trajectory,POCC__fcc__POCC_35_H2C12__Hf18_Mo18_Ta18_Ti18_Zr18_n90,540,4.535583016280416,0.5897098898463073,0.6889548560619975,0.6441004289815214,0.6927771669178987,0.0
bcc_to_fcc,BCC-to-FCC,one_per_trajectory,POCC__fcc__POCC_36_H2C14__Hf18_Mo18_Ta18_Ti18_Zr18_n90,540,4.934715325023624,0.6363703810258974,0.7067742365909779,0.6558223978221457,0.7149559082676886,0.0
bcc_to_fcc,BCC-to-FCC,one_per_trajectory,POCC__fcc__POCC_37_H3C0__Hf27_Mo27_Ta27_Ti27_Zr27_n135,180,4.838954164451376,0.6772972502342909,0.7046315602928633,0.6772972502342909,0.7046315602928633,18.615
bcc_to_fcc,BCC-to-FCC,one_per_trajectory,POCC__fcc__POCC_38_H3C1__Hf27_Mo27_Ta27_Ti27_Zr27_n135,240,4.744000386652012,0.4650695555309911,0.53972408149142,0.5166303083123368,0.5726762891969114,0.0
bcc_to_fcc,BCC-to-FCC,one_per_trajectory,POCC__fcc__POCC_39_H3C2__Hf27_Mo27_Ta27_Ti27_Zr27_n135,180,4.751826777137643,0.4977428767375397,0.5415250171773457,0.5235411165860999,0.5546837434568853,0.0
bcc_to_fcc,BCC-to-FCC,one_per_trajectory,POCC__fcc__POCC_40_H3C3__Hf27_Mo27_Ta27_Ti27_Zr27_n135,180,4.792222834513693,0.39181915511912224,0.4779632018795601,0.4528723878965832,0.503825251142237,0.0
bcc_to_fcc,BCC-to-FCC,one_per_trajectory,POCC__fcc__POCC_49_H4C0__Hf27_Mo27_Ta27_Ti27_Zr27_n135,360,5.491299392047603,0.7108919407886919,0.7874468738055483,0.7442648029275941,0.8013586106658703,0.0
