fold,treatment,system_id,parent_family,structure,hnf_group,pure_median_distance,augmented_median_distance,absolute_distance_reduction,relative_distance_reduction
fcc_to_bcc,pure_pocc_seed,POCC__bcc__POCC_01_H0C0__Hf32_Mo32_Ta32_Ti32_Zr32_n160,bcc,POCC_01_H0C0,0,3.7680644386616122,3.605939703571188,0.16212473509042402,0.04302599855431599
fcc_to_bcc,pure_pocc_aimd,POCC__bcc__POCC_01_H0C0__Hf32_Mo32_Ta32_Ti32_Zr32_n160,bcc,POCC_01_H0C0,0,3.7680644386616122,2.762202655887278,1.0058617827743341,0.26694389099449917
fcc_to_bcc,pure_pocc_seed,POCC__bcc__POCC_02_H0C1__Hf32_Mo32_Ta32_Ti32_Zr32_n160,bcc,POCC_02_H0C1,0,3.7020767236977905,3.6257679571370938,0.07630876656069674,0.02061242169083852
fcc_to_bcc,pure_pocc_aimd,POCC__bcc__POCC_02_H0C1__Hf32_Mo32_Ta32_Ti32_Zr32_n160,bcc,POCC_02_H0C1,0,3.7020767236977905,2.723062923444175,0.9790138002536155,0.2644498948351711
fcc_to_bcc,pure_pocc_seed,POCC__bcc__POCC_03_H0C2__Hf32_Mo32_Ta32_Ti32_Zr32_n160,bcc,POCC_03_H0C2,0,3.694110039599657,3.4414203766028204,0.2526896629968367,0.06840339358819467
fcc_to_bcc,pure_pocc_aimd,POCC__bcc__POCC_03_H0C2__Hf32_Mo32_Ta32_Ti32_Zr32_n160,bcc,POCC_03_H0C2,0,3.694110039599657,2.6345663410070923,1.0595436985925648,0.28681974473813754
fcc_to_bcc,pure_pocc_seed,POCC__bcc__POCC_04_H0C3__Hf32_Mo32_Ta32_Ti32_Zr32_n160,bcc,POCC_04_H0C3,0,3.560535818176704,3.560535818176704,0.0,0.0
fcc_to_bcc,pure_pocc_aimd,POCC__bcc__POCC_04_H0C3__Hf32_Mo32_Ta32_Ti32_Zr32_n160,bcc,POCC_04_H0C3,0,3.560535818176704,2.745001153547049,0.8155346646296548,0.22904829673846047
fcc_to_bcc,pure_pocc_seed,POCC__bcc__POCC_05_H0C4__Hf32_Mo32_Ta32_Ti32_Zr32_n160,bcc,POCC_05_H0C4,0,3.706039443735964,3.224428818414382,0.48161062532158194,0.12995291405643608
fcc_to_bcc,pure_pocc_aimd,POCC__bcc__POCC_05_H0C4__Hf32_Mo32_Ta32_Ti32_Zr32_n160,bcc,POCC_05_H0C4,0,3.706039443735964,2.5182880586008327,1.1877513851351313,0.3204907565521724
fcc_to_bcc,pure_pocc_seed,POCC__bcc__POCC_06_H0C5__Hf32_Mo32_Ta32_Ti32_Zr32_n160,bcc,POCC_06_H0C5,0,3.7225357575997666,3.2580203841309014,0.4645153734688652,0.12478466392714452
fcc_to_bcc,pure_pocc_aimd,POCC__bcc__POCC_06_H0C5__Hf32_Mo32_Ta32_Ti32_Zr32_n160,bcc,POCC_06_H0C5,0,3.7225357575997666,2.5739159963308564,1.1486197612689102,0.30855842255482385
fcc_to_bcc,pure_pocc_seed,POCC__bcc__POCC_07_H0C6__Hf32_Mo32_Ta32_Ti32_Zr32_n160,bcc,POCC_07_H0C6,0,3.6515285073235133,3.6515285073235133,0.0,0.0
fcc_to_bcc,pure_pocc_aimd,POCC__bcc__POCC_07_H0C6__Hf32_Mo32_Ta32_Ti32_Zr32_n160,bcc,POCC_07_H0C6,0,3.6515285073235133,2.9955030992126623,0.656025408110851,0.17965775340247928
fcc_to_bcc,pure_pocc_seed,POCC__bcc__POCC_08_H0C7__Hf32_Mo32_Ta32_Ti32_Zr32_n160,bcc,POCC_08_H0C7,0,3.6387879886336343,3.6387879886336343,0.0,0.0
fcc_to_bcc,pure_pocc_aimd,POCC__bcc__POCC_08_H0C7__Hf32_Mo32_Ta32_Ti32_Zr32_n160,bcc,POCC_08_H0C7,0,3.6387879886336343,2.7613247873704445,0.8774632012631898,0.24114161198841305
fcc_to_bcc,pure_pocc_seed,POCC__bcc__POCC_09_H0C8__Hf32_Mo32_Ta32_Ti32_Zr32_n160,bcc,POCC_09_H0C8,0,3.6998213024481332,3.43344049491946,0.2663808075286731,0.07199829012077197
fcc_to_bcc,pure_pocc_aimd,POCC__bcc__POCC_09_H0C8__Hf32_Mo32_Ta32_Ti32_Zr32_n160,bcc,POCC_09_H0C8,0,3.6998213024481332,2.702376017985972,0.9974452844621613,0.26959282703793347
fcc_to_bcc,pure_pocc_seed,POCC__bcc__POCC_10_H0C10__Hf32_Mo32_Ta32_Ti32_Zr32_n160,bcc,POCC_10_H0C10,0,3.50165458128283,3.50165458128283,0.0,0.0
fcc_to_bcc,pure_pocc_aimd,POCC__bcc__POCC_10_H0C10__Hf32_Mo32_Ta32_Ti32_Zr32_n160,bcc,POCC_10_H0C10,0,3.50165458128283,2.835831865205376,0.6658227160774541,0.19014517298091982
fcc_to_bcc,pure_pocc_seed,POCC__bcc__POCC_11_H0C12__Hf32_Mo32_Ta32_Ti32_Zr32_n160,bcc,POCC_11_H0C12,0,3.6577942839412954,3.6577942839412954,0.0,0.0
fcc_to_bcc,pure_pocc_aimd,POCC__bcc__POCC_11_H0C12__Hf32_Mo32_Ta32_Ti32_Zr32_n160,bcc,POCC_11_H0C12,0,3.6577942839412954,2.9286800399014856,0.7291142440398097,0.19933167024750903
fcc_to_bcc,pure_pocc_seed,POCC__bcc__POCC_12_H0C14__Hf32_Mo32_Ta32_Ti32_Zr32_n160,bcc,POCC_12_H0C14,0,3.773485589645493,3.6365811113635877,0.1369044782819051,0.03628064160562141
fcc_to_bcc,pure_pocc_aimd,POCC__bcc__POCC_12_H0C14__Hf32_Mo32_Ta32_Ti32_Zr32_n160,bcc,POCC_12_H0C14,0,3.773485589645493,2.808929430868067,0.9645561587774258,0.2556141095183148
fcc_to_bcc,pure_pocc_seed,POCC__bcc__POCC_13_H1C0__Hf20_Mo20_Ta20_Ti20_Zr20_n100,bcc,POCC_13_H1C0,1,4.614244489334372,2.2568992149322744,2.357345274402098,0.5108843451730831
fcc_to_bcc,pure_pocc_aimd,POCC__bcc__POCC_13_H1C0__Hf20_Mo20_Ta20_Ti20_Zr20_n100,bcc,POCC_13_H1C0,1,4.614244489334372,1.269128227100044,3.3451162622343285,0.7249542736555076
fcc_to_bcc,pure_pocc_seed,POCC__bcc__POCC_14_H1C1__Hf20_Mo20_Ta20_Ti20_Zr20_n100,bcc,POCC_14_H1C1,1,4.5828648690984615,2.305596390376425,2.2772684787220365,0.4969093664701529
fcc_to_bcc,pure_pocc_aimd,POCC__bcc__POCC_14_H1C1__Hf20_Mo20_Ta20_Ti20_Zr20_n100,bcc,POCC_14_H1C1,1,4.5828648690984615,1.278680221819857,3.3041846472786043,0.72098670627585
fcc_to_bcc,pure_pocc_seed,POCC__bcc__POCC_15_H1C2__Hf20_Mo20_Ta20_Ti20_Zr20_n100,bcc,POCC_15_H1C2,1,4.536847796753316,2.284670086192091,2.2521777105612246,0.49641905822208554
fcc_to_bcc,pure_pocc_aimd,POCC__bcc__POCC_15_H1C2__Hf20_Mo20_Ta20_Ti20_Zr20_n100,bcc,POCC_15_H1C2,1,4.536847796753316,1.2883521046167812,3.2484956921365344,0.7160248343489154
fcc_to_bcc,pure_pocc_seed,POCC__bcc__POCC_16_H1C3__Hf20_Mo20_Ta20_Ti20_Zr20_n100,bcc,POCC_16_H1C3,1,4.543459208697742,2.2980446316765932,2.245414577021149,0.49420815151650394
fcc_to_bcc,pure_pocc_aimd,POCC__bcc__POCC_16_H1C3__Hf20_Mo20_Ta20_Ti20_Zr20_n100,bcc,POCC_16_H1C3,1,4.543459208697742,1.2730864034795004,3.2703728052182415,0.7197979898130535
fcc_to_bcc,pure_pocc_seed,POCC__bcc__POCC_17_H1C4__Hf20_Mo20_Ta20_Ti20_Zr20_n100,bcc,POCC_17_H1C4,1,4.538349818639587,2.1601058364557444,2.378243982183843,0.5240327601931628
fcc_to_bcc,pure_pocc_aimd,POCC__bcc__POCC_17_H1C4__Hf20_Mo20_Ta20_Ti20_Zr20_n100,bcc,POCC_17_H1C4,1,4.538349818639587,1.1928642510968577,3.3454855675427297,0.7371590338414173
fcc_to_bcc,pure_pocc_seed,POCC__bcc__POCC_18_H1C5__Hf20_Mo20_Ta20_Ti20_Zr20_n100,bcc,POCC_18_H1C5,1,4.645216172711248,2.0082286233626836,2.636987549348565,0.5676781125579885
fcc_to_bcc,pure_pocc_aimd,POCC__bcc__POCC_18_H1C5__Hf20_Mo20_Ta20_Ti20_Zr20_n100,bcc,POCC_18_H1C5,1,4.645216172711248,1.0130763032910366,3.632139869420212,0.781909761435335
fcc_to_bcc,pure_pocc_seed,POCC__bcc__POCC_19_H1C6__Hf20_Mo20_Ta20_Ti20_Zr20_n100,bcc,POCC_19_H1C6,1,4.616096836140878,2.27053769003881,2.345559146102068,0.5081260704363794
fcc_to_bcc,pure_pocc_aimd,POCC__bcc__POCC_19_H1C6__Hf20_Mo20_Ta20_Ti20_Zr20_n100,bcc,POCC_19_H1C6,1,4.616096836140878,1.2168157933826405,3.3992810427582376,0.7363972558253532
fcc_to_bcc,pure_pocc_seed,POCC__bcc__POCC_20_H1C7__Hf20_Mo20_Ta20_Ti20_Zr20_n100,bcc,POCC_20_H1C7,1,4.600806341790863,2.2769244700750813,2.3238818717157814,0.5051031708522665
fcc_to_bcc,pure_pocc_aimd,POCC__bcc__POCC_20_H1C7__Hf20_Mo20_Ta20_Ti20_Zr20_n100,bcc,POCC_20_H1C7,1,4.600806341790863,1.3660795235043182,3.2347268182865445,0.7030782384610059
fcc_to_bcc,pure_pocc_seed,POCC__bcc__POCC_21_H1C8__Hf20_Mo20_Ta20_Ti20_Zr20_n100,bcc,POCC_21_H1C8,1,4.559043460387983,2.277341313211992,2.2817021471759906,0.5004782619426518
fcc_to_bcc,pure_pocc_aimd,POCC__bcc__POCC_21_H1C8__Hf20_Mo20_Ta20_Ti20_Zr20_n100,bcc,POCC_21_H1C8,1,4.559043460387983,1.3324618806478763,3.2265815797401065,0.7077321389398465
fcc_to_bcc,pure_pocc_seed,POCC__bcc__POCC_22_H1C10__Hf20_Mo20_Ta20_Ti20_Zr20_n100,bcc,POCC_22_H1C10,1,4.552208231616457,2.2866393090938644,2.2655689225225926,0.4976856960952564
fcc_to_bcc,pure_pocc_aimd,POCC__bcc__POCC_22_H1C10__Hf20_Mo20_Ta20_Ti20_Zr20_n100,bcc,POCC_22_H1C10,1,4.552208231616457,1.3392863460105562,3.2129218856059008,0.7057941381703918
fcc_to_bcc,pure_pocc_seed,POCC__bcc__POCC_23_H1C12__Hf20_Mo20_Ta20_Ti20_Zr20_n100,bcc,POCC_23_H1C12,1,4.623701578215881,2.2637488733187876,2.3599527048970934,0.5104033348552987
fcc_to_bcc,pure_pocc_aimd,POCC__bcc__POCC_23_H1C12__Hf20_Mo20_Ta20_Ti20_Zr20_n100,bcc,POCC_23_H1C12,1,4.623701578215881,1.2830056362647912,3.3406959419510898,0.7225154749801442
fcc_to_bcc,pure_pocc_seed,POCC__bcc__POCC_24_H1C14__Hf20_Mo20_Ta20_Ti20_Zr20_n100,bcc,POCC_24_H1C14,1,4.594004810524294,2.2459853157484764,2.3480194947758175,0.5111051449917503
fcc_to_bcc,pure_pocc_aimd,POCC__bcc__POCC_24_H1C14__Hf20_Mo20_Ta20_Ti20_Zr20_n100,bcc,POCC_24_H1C14,1,4.594004810524294,1.4242081807237934,3.1697966298005005,0.689985483371478
fcc_to_bcc,pure_pocc_seed,POCC__bcc__POCC_25_H2C0__Hf27_Mo27_Ta27_Ti27_Zr27_n135,bcc,POCC_25_H2C0,2,5.3689348107076444,0.018147638470584586,5.35078717223706,0.9966198810172938
fcc_to_bcc,pure_pocc_aimd,POCC__bcc__POCC_25_H2C0__Hf27_Mo27_Ta27_Ti27_Zr27_n135,bcc,POCC_25_H2C0,2,5.3689348107076444,0.018147638470584586,5.35078717223706,0.9966198810172938
fcc_to_bcc,pure_pocc_seed,POCC__bcc__POCC_33_H2C8__Hf27_Mo27_Ta27_Ti27_Zr27_n135,bcc,POCC_33_H2C8,2,5.263812417612762,3.0163189189737256,2.2474934986390362,0.42697066694833263
fcc_to_bcc,pure_pocc_aimd,POCC__bcc__POCC_33_H2C8__Hf27_Mo27_Ta27_Ti27_Zr27_n135,bcc,POCC_33_H2C8,2,5.263812417612762,2.6343713085660116,2.62944110904675,0.49953168928448466
fcc_to_bcc,pure_pocc_seed,POCC__bcc__POCC_34_H2C10__Hf27_Mo27_Ta27_Ti27_Zr27_n135,bcc,POCC_34_H2C10,2,4.891658029854182,2.8457826114306988,2.045875418423483,0.41823762125997793
fcc_to_bcc,pure_pocc_aimd,POCC__bcc__POCC_34_H2C10__Hf27_Mo27_Ta27_Ti27_Zr27_n135,bcc,POCC_34_H2C10,2,4.891658029854182,2.399438067531201,2.492219962322981,0.509483685718168
fcc_to_bcc,pure_pocc_seed,POCC__bcc__POCC_35_H2C12__Hf27_Mo27_Ta27_Ti27_Zr27_n135,bcc,POCC_35_H2C12,2,4.8735290328812795,2.8350460711739207,2.0384829617073588,0.41827656056912565
fcc_to_bcc,pure_pocc_aimd,POCC__bcc__POCC_35_H2C12__Hf27_Mo27_Ta27_Ti27_Zr27_n135,bcc,POCC_35_H2C12,2,4.8735290328812795,2.3383887514136763,2.535140281467603,0.5201857348880515
fcc_to_bcc,pure_pocc_seed,POCC__bcc__POCC_36_H2C14__Hf27_Mo27_Ta27_Ti27_Zr27_n135,bcc,POCC_36_H2C14,2,5.005874351140314,2.9369605921286275,2.068913759011686,0.4132971812487458
fcc_to_bcc,pure_pocc_aimd,POCC__bcc__POCC_36_H2C14__Hf27_Mo27_Ta27_Ti27_Zr27_n135,bcc,POCC_36_H2C14,2,5.005874351140314,2.32146955381965,2.6844047973206635,0.5362509342067624
fcc_to_bcc,pure_pocc_seed,POCC__bcc__POCC_37_H3C0__Hf27_Mo27_Ta27_Ti27_Zr27_n135,bcc,POCC_37_H3C0,3,4.960231951961276,1.340655447164382,3.6195765047968944,0.7297192026202955
fcc_to_bcc,pure_pocc_aimd,POCC__bcc__POCC_37_H3C0__Hf27_Mo27_Ta27_Ti27_Zr27_n135,bcc,POCC_37_H3C0,3,4.960231951961276,0.8762346095990319,4.083997342362244,0.8233480574930435
fcc_to_bcc,pure_pocc_seed,POCC__bcc__POCC_38_H4C0__Hf27_Mo27_Ta27_Ti27_Zr27_n135,bcc,POCC_38_H4C0,4,5.432127776753763,2.579198319437646,2.852929457316117,0.5251955724467561
fcc_to_bcc,pure_pocc_aimd,POCC__bcc__POCC_38_H4C0__Hf27_Mo27_Ta27_Ti27_Zr27_n135,bcc,POCC_38_H4C0,4,5.432127776753763,1.933009155323147,3.499118621430616,0.644152487797643
fcc_to_bcc,pure_pocc_seed,POCC__bcc__POCC_39_H4C1__Hf27_Mo27_Ta27_Ti27_Zr27_n135,bcc,POCC_39_H4C1,4,5.432350480167885,2.671021693451697,2.7613287867161875,0.5083119722847577
fcc_to_bcc,pure_pocc_aimd,POCC__bcc__POCC_39_H4C1__Hf27_Mo27_Ta27_Ti27_Zr27_n135,bcc,POCC_39_H4C1,4,5.432350480167885,1.902844060298973,3.5295064198689117,0.6497199384970157
fcc_to_bcc,pure_pocc_seed,POCC__bcc__POCC_40_H4C2__Hf27_Mo27_Ta27_Ti27_Zr27_n135,bcc,POCC_40_H4C2,4,5.441472759376545,2.6259778951362076,2.8154948642403372,0.5174141245839705
fcc_to_bcc,pure_pocc_aimd,POCC__bcc__POCC_40_H4C2__Hf27_Mo27_Ta27_Ti27_Zr27_n135,bcc,POCC_40_H4C2,4,5.441472759376545,1.9543254355126094,3.4871473238639354,0.6408462337434313
fcc_to_bcc,pure_pocc_seed,POCC__bcc__POCC_41_H4C3__Hf27_Mo27_Ta27_Ti27_Zr27_n135,bcc,POCC_41_H4C3,4,5.4730922037283785,2.5789698950134174,2.894122308714961,0.5287910747681955
fcc_to_bcc,pure_pocc_aimd,POCC__bcc__POCC_41_H4C3__Hf27_Mo27_Ta27_Ti27_Zr27_n135,bcc,POCC_41_H4C3,4,5.4730922037283785,1.9039019629387868,3.5691902407895917,0.6521341333073447
fcc_to_bcc,pure_pocc_seed,POCC__bcc__POCC_42_H4C4__Hf27_Mo27_Ta27_Ti27_Zr27_n135,bcc,POCC_42_H4C4,4,5.400468453212614,2.7422852694138466,2.6581831837987675,0.4922134453387049
fcc_to_bcc,pure_pocc_aimd,POCC__bcc__POCC_42_H4C4__Hf27_Mo27_Ta27_Ti27_Zr27_n135,bcc,POCC_42_H4C4,4,5.400468453212614,1.880150599800611,3.520317853412003,0.6518541648582074
fcc_to_bcc,pure_pocc_seed,POCC__bcc__POCC_43_H4C5__Hf27_Mo27_Ta27_Ti27_Zr27_n135,bcc,POCC_43_H4C5,4,5.395412733036429,2.7334088186242473,2.662003914412182,0.49338281353576074
fcc_to_bcc,pure_pocc_aimd,POCC__bcc__POCC_43_H4C5__Hf27_Mo27_Ta27_Ti27_Zr27_n135,bcc,POCC_43_H4C5,4,5.395412733036429,1.8962305024564923,3.4991822305799367,0.6485476466247407
fcc_to_bcc,pure_pocc_seed,POCC__bcc__POCC_44_H4C6__Hf27_Mo27_Ta27_Ti27_Zr27_n135,bcc,POCC_44_H4C6,4,5.498576913671456,2.4581440136647648,3.040432900006691,0.5529490534991104
fcc_to_bcc,pure_pocc_aimd,POCC__bcc__POCC_44_H4C6__Hf27_Mo27_Ta27_Ti27_Zr27_n135,bcc,POCC_44_H4C6,4,5.498576913671456,1.8962321125250061,3.6023448011464496,0.6551412952303558
fcc_to_bcc,pure_pocc_seed,POCC__bcc__POCC_45_H4C7__Hf27_Mo27_Ta27_Ti27_Zr27_n135,bcc,POCC_45_H4C7,4,5.425115167796466,2.647108788948511,2.778006378847955,0.51206403789144
fcc_to_bcc,pure_pocc_aimd,POCC__bcc__POCC_45_H4C7__Hf27_Mo27_Ta27_Ti27_Zr27_n135,bcc,POCC_45_H4C7,4,5.425115167796466,1.9129744835970919,3.5121406841993745,0.6473854610584996
fcc_to_bcc,pure_pocc_seed,POCC__bcc__POCC_46_H4C8__Hf27_Mo27_Ta27_Ti27_Zr27_n135,bcc,POCC_46_H4C8,4,5.520309438178991,2.444979961257528,3.075329476921463,0.5570936758820418
fcc_to_bcc,pure_pocc_aimd,POCC__bcc__POCC_46_H4C8__Hf27_Mo27_Ta27_Ti27_Zr27_n135,bcc,POCC_46_H4C8,4,5.520309438178991,1.6599298519036663,3.8603795862753247,0.6993049265638206
fcc_to_bcc,pure_pocc_seed,POCC__bcc__POCC_47_H4C10__Hf27_Mo27_Ta27_Ti27_Zr27_n135,bcc,POCC_47_H4C10,4,5.491801119518442,1.6568688706154577,3.8349322489029842,0.698301370614684
fcc_to_bcc,pure_pocc_aimd,POCC__bcc__POCC_47_H4C10__Hf27_Mo27_Ta27_Ti27_Zr27_n135,bcc,POCC_47_H4C10,4,5.491801119518442,0.9799860504020426,4.511815069116399,0.8215547087240526
fcc_to_bcc,pure_pocc_seed,POCC__bcc__POCC_48_H4C12__Hf27_Mo27_Ta27_Ti27_Zr27_n135,bcc,POCC_48_H4C12,4,5.491008477984291,2.4673897860529603,3.023618691931331,0.5506490663881253
fcc_to_bcc,pure_pocc_aimd,POCC__bcc__POCC_48_H4C12__Hf27_Mo27_Ta27_Ti27_Zr27_n135,bcc,POCC_48_H4C12,4,5.491008477984291,1.8687360417736896,3.6222724362106016,0.6596734371716562
fcc_to_bcc,pure_pocc_seed,POCC__bcc__POCC_49_H4C14__Hf27_Mo27_Ta27_Ti27_Zr27_n135,bcc,POCC_49_H4C14,4,5.462055158842634,2.6037723025663677,2.858282856276266,0.5232980578105172
fcc_to_bcc,pure_pocc_aimd,POCC__bcc__POCC_49_H4C14__Hf27_Mo27_Ta27_Ti27_Zr27_n135,bcc,POCC_49_H4C14,4,5.462055158842634,1.9438993959317779,3.5181557629108555,0.64410842816467
bcc_to_fcc,pure_pocc_seed,POCC__fcc__POCC_01_H0C0__Hf27_Mo27_Ta27_Ti27_Zr27_n135,fcc,POCC_01_H0C0,0,3.7978317847440213,2.9547787848723623,0.8430529998716589,0.22198271215123916
bcc_to_fcc,pure_pocc_aimd,POCC__fcc__POCC_01_H0C0__Hf27_Mo27_Ta27_Ti27_Zr27_n135,fcc,POCC_01_H0C0,0,3.7978317847440213,2.525342638399991,1.2724891463440304,0.3350567424959813
bcc_to_fcc,pure_pocc_seed,POCC__fcc__POCC_02_H0C1__Hf27_Mo27_Ta27_Ti27_Zr27_n135,fcc,POCC_02_H0C1,0,3.6134111094702277,3.0095603089024596,0.6038508005677681,0.16711378314666783
bcc_to_fcc,pure_pocc_aimd,POCC__fcc__POCC_02_H0C1__Hf27_Mo27_Ta27_Ti27_Zr27_n135,fcc,POCC_02_H0C1,0,3.6134111094702277,2.545131939350971,1.0682791701192569,0.29564285318087713
bcc_to_fcc,pure_pocc_seed,POCC__fcc__POCC_03_H0C2__Hf27_Mo27_Ta27_Ti27_Zr27_n135,fcc,POCC_03_H0C2,0,3.68521101986824,2.894957529469599,0.7902534903986411,0.21443914232810896
bcc_to_fcc,pure_pocc_aimd,POCC__fcc__POCC_03_H0C2__Hf27_Mo27_Ta27_Ti27_Zr27_n135,fcc,POCC_03_H0C2,0,3.68521101986824,2.528001369173995,1.157209650694245,0.3140144877607632
bcc_to_fcc,pure_pocc_seed,POCC__fcc__POCC_04_H0C3__Hf27_Mo27_Ta27_Ti27_Zr27_n135,fcc,POCC_04_H0C3,0,3.656619899373652,2.8890393730533,0.7675805263203519,0.20991531727206098
bcc_to_fcc,pure_pocc_aimd,POCC__fcc__POCC_04_H0C3__Hf27_Mo27_Ta27_Ti27_Zr27_n135,fcc,POCC_04_H0C3,0,3.656619899373652,2.440475234257266,1.2161446651163859,0.3325871155830829
bcc_to_fcc,pure_pocc_seed,POCC__fcc__POCC_05_H0C4__Hf27_Mo27_Ta27_Ti27_Zr27_n135,fcc,POCC_05_H0C4,0,3.7509676879486014,2.9662434819452956,0.7847242060033057,0.20920580268513864
bcc_to_fcc,pure_pocc_aimd,POCC__fcc__POCC_05_H0C4__Hf27_Mo27_Ta27_Ti27_Zr27_n135,fcc,POCC_05_H0C4,0,3.7509676879486014,2.467071733149263,1.2838959547993385,0.34228392820453735
bcc_to_fcc,pure_pocc_seed,POCC__fcc__POCC_06_H0C5__Hf27_Mo27_Ta27_Ti27_Zr27_n135,fcc,POCC_06_H0C5,0,3.7534336961956947,2.867969675769885,0.8854640204258097,0.23590772932082824
bcc_to_fcc,pure_pocc_aimd,POCC__fcc__POCC_06_H0C5__Hf27_Mo27_Ta27_Ti27_Zr27_n135,fcc,POCC_06_H0C5,0,3.7534336961956947,2.36909997336356,1.3843337228321348,0.3688179504103752
bcc_to_fcc,pure_pocc_seed,POCC__fcc__POCC_07_H0C6__Hf27_Mo27_Ta27_Ti27_Zr27_n135,fcc,POCC_07_H0C6,0,3.686280272313149,3.02028062478212,0.665999647531029,0.18066983472016707
bcc_to_fcc,pure_pocc_aimd,POCC__fcc__POCC_07_H0C6__Hf27_Mo27_Ta27_Ti27_Zr27_n135,fcc,POCC_07_H0C6,0,3.686280272313149,2.4767752824595,1.2095049898536487,0.32810988327121465
bcc_to_fcc,pure_pocc_seed,POCC__fcc__POCC_08_H0C7__Hf27_Mo27_Ta27_Ti27_Zr27_n135,fcc,POCC_08_H0C7,0,4.460461985632337,3.427094457151293,1.033367528481044,0.231672757622336
bcc_to_fcc,pure_pocc_aimd,POCC__fcc__POCC_08_H0C7__Hf27_Mo27_Ta27_Ti27_Zr27_n135,fcc,POCC_08_H0C7,0,4.460461985632337,3.170947396634692,1.289514588997645,0.28909888553053925
bcc_to_fcc,pure_pocc_seed,POCC__fcc__POCC_09_H0C8__Hf27_Mo27_Ta27_Ti27_Zr27_n135,fcc,POCC_09_H0C8,0,3.9364383302166073,3.169478698464788,0.7669596317518192,0.19483593223461382
bcc_to_fcc,pure_pocc_aimd,POCC__fcc__POCC_09_H0C8__Hf27_Mo27_Ta27_Ti27_Zr27_n135,fcc,POCC_09_H0C8,0,3.9364383302166073,2.5915960068979604,1.3448423233186468,0.3416393730839028
bcc_to_fcc,pure_pocc_seed,POCC__fcc__POCC_10_H0C10__Hf27_Mo27_Ta27_Ti27_Zr27_n135,fcc,POCC_10_H0C10,0,3.8615820189140475,3.2401455248476894,0.6214364940663581,0.1609279541448451
bcc_to_fcc,pure_pocc_aimd,POCC__fcc__POCC_10_H0C10__Hf27_Mo27_Ta27_Ti27_Zr27_n135,fcc,POCC_10_H0C10,0,3.8615820189140475,2.6840736784742827,1.1775083404397648,0.3049289992216463
bcc_to_fcc,pure_pocc_seed,POCC__fcc__POCC_11_H0C12__Hf27_Mo27_Ta27_Ti27_Zr27_n135,fcc,POCC_11_H0C12,0,3.9207517692476896,2.9301676436795057,0.990584125568184,0.2526515790511921
bcc_to_fcc,pure_pocc_aimd,POCC__fcc__POCC_11_H0C12__Hf27_Mo27_Ta27_Ti27_Zr27_n135,fcc,POCC_11_H0C12,0,3.9207517692476896,2.3943778237443336,1.526373945503356,0.38930644818563337
bcc_to_fcc,pure_pocc_seed,POCC__fcc__POCC_12_H0C14__Hf27_Mo27_Ta27_Ti27_Zr27_n135,fcc,POCC_12_H0C14,0,3.9027619630122787,2.9877905290072935,0.9149714340049853,0.2344420291774035
bcc_to_fcc,pure_pocc_aimd,POCC__fcc__POCC_12_H0C14__Hf27_Mo27_Ta27_Ti27_Zr27_n135,fcc,POCC_12_H0C14,0,3.9027619630122787,2.3683932627813586,1.53436870023092,0.3931494451295319
bcc_to_fcc,pure_pocc_seed,POCC__fcc__POCC_13_H1C0__Hf27_Mo27_Ta27_Ti27_Zr27_n135,fcc,POCC_13_H1C0,1,4.591236371043089,2.1522532827227314,2.4389830883203576,0.5312257725833971
bcc_to_fcc,pure_pocc_aimd,POCC__fcc__POCC_13_H1C0__Hf27_Mo27_Ta27_Ti27_Zr27_n135,fcc,POCC_13_H1C0,1,4.591236371043089,1.363531342826123,3.227705028216966,0.7030143445835396
bcc_to_fcc,pure_pocc_seed,POCC__fcc__POCC_14_H1C1__Hf27_Mo27_Ta27_Ti27_Zr27_n135,fcc,POCC_14_H1C1,1,4.637904564793718,1.9211785924776992,2.716725972316019,0.5857658203962746
bcc_to_fcc,pure_pocc_aimd,POCC__fcc__POCC_14_H1C1__Hf27_Mo27_Ta27_Ti27_Zr27_n135,fcc,POCC_14_H1C1,1,4.637904564793718,1.1841122742020773,3.453792290591641,0.7446880897052819
bcc_to_fcc,pure_pocc_seed,POCC__fcc__POCC_15_H1C2__Hf27_Mo27_Ta27_Ti27_Zr27_n135,fcc,POCC_15_H1C2,1,4.590176213213372,1.9734481177239838,2.616728095489388,0.5700713815641375
bcc_to_fcc,pure_pocc_aimd,POCC__fcc__POCC_15_H1C2__Hf27_Mo27_Ta27_Ti27_Zr27_n135,fcc,POCC_15_H1C2,1,4.590176213213372,1.2447037993510395,3.3454724138623324,0.7288331119472036
bcc_to_fcc,pure_pocc_seed,POCC__fcc__POCC_16_H1C3__Hf27_Mo27_Ta27_Ti27_Zr27_n135,fcc,POCC_16_H1C3,1,4.635574208776912,1.8619478022516602,2.773626406525252,0.5983350242293
bcc_to_fcc,pure_pocc_aimd,POCC__fcc__POCC_16_H1C3__Hf27_Mo27_Ta27_Ti27_Zr27_n135,fcc,POCC_16_H1C3,1,4.635574208776912,1.1180780381992206,3.517496170577692,0.7588048453453141
bcc_to_fcc,pure_pocc_seed,POCC__fcc__POCC_17_H1C4__Hf27_Mo27_Ta27_Ti27_Zr27_n135,fcc,POCC_17_H1C4,1,4.888774620120708,2.8008840871832756,2.0878905329374327,0.42707850027373134
bcc_to_fcc,pure_pocc_aimd,POCC__fcc__POCC_17_H1C4__Hf27_Mo27_Ta27_Ti27_Zr27_n135,fcc,POCC_17_H1C4,1,4.888774620120708,2.177075642375777,2.7116989777449314,0.5546786645848643
bcc_to_fcc,pure_pocc_seed,POCC__fcc__POCC_18_H1C5__Hf27_Mo27_Ta27_Ti27_Zr27_n135,fcc,POCC_18_H1C5,1,4.898780688729807,2.909361356700729,1.9894193320290778,0.40610500008827904
bcc_to_fcc,pure_pocc_aimd,POCC__fcc__POCC_18_H1C5__Hf27_Mo27_Ta27_Ti27_Zr27_n135,fcc,POCC_18_H1C5,1,4.898780688729807,2.4628688922164335,2.4359117965133734,0.49724859129078
bcc_to_fcc,pure_pocc_seed,POCC__fcc__POCC_19_H1C6__Hf27_Mo27_Ta27_Ti27_Zr27_n135,fcc,POCC_19_H1C6,1,4.644509765763365,1.7311362200854732,2.9133735456778918,0.6272725632215468
bcc_to_fcc,pure_pocc_aimd,POCC__fcc__POCC_19_H1C6__Hf27_Mo27_Ta27_Ti27_Zr27_n135,fcc,POCC_19_H1C6,1,4.644509765763365,1.1689107787422763,3.4755989870210886,0.7483241853943748
bcc_to_fcc,pure_pocc_seed,POCC__fcc__POCC_20_H1C7__Hf27_Mo27_Ta27_Ti27_Zr27_n135,fcc,POCC_20_H1C7,1,4.696960908069379,2.1062420236920216,2.590718884377357,0.551573439737704
bcc_to_fcc,pure_pocc_aimd,POCC__fcc__POCC_20_H1C7__Hf27_Mo27_Ta27_Ti27_Zr27_n135,fcc,POCC_20_H1C7,1,4.696960908069379,1.2858394856698738,3.4111214223995048,0.726240113376119
bcc_to_fcc,pure_pocc_seed,POCC__fcc__POCC_21_H1C8__Hf27_Mo27_Ta27_Ti27_Zr27_n135,fcc,POCC_21_H1C8,1,4.632958616969924,2.096775682971808,2.5361829339981163,0.5474218838710124
bcc_to_fcc,pure_pocc_aimd,POCC__fcc__POCC_21_H1C8__Hf27_Mo27_Ta27_Ti27_Zr27_n135,fcc,POCC_21_H1C8,1,4.632958616969924,1.3125979757700361,3.3203606411998883,0.7166825598307396
bcc_to_fcc,pure_pocc_seed,POCC__fcc__POCC_22_H1C10__Hf27_Mo27_Ta27_Ti27_Zr27_n135,fcc,POCC_22_H1C10,1,4.672065832014681,2.0831822349466274,2.5888835970680537,0.554119674283716
bcc_to_fcc,pure_pocc_aimd,POCC__fcc__POCC_22_H1C10__Hf27_Mo27_Ta27_Ti27_Zr27_n135,fcc,POCC_22_H1C10,1,4.672065832014681,1.2900922303110396,3.3819736017036415,0.7238711360891231
bcc_to_fcc,pure_pocc_seed,POCC__fcc__POCC_23_H1C12__Hf27_Mo27_Ta27_Ti27_Zr27_n135,fcc,POCC_23_H1C12,1,4.63962121576174,1.853843249890791,2.785777965870949,0.6004321983025452
bcc_to_fcc,pure_pocc_aimd,POCC__fcc__POCC_23_H1C12__Hf27_Mo27_Ta27_Ti27_Zr27_n135,fcc,POCC_23_H1C12,1,4.63962121576174,1.23647037369805,3.40315084206369,0.7334975602108406
bcc_to_fcc,pure_pocc_seed,POCC__fcc__POCC_24_H1C14__Hf27_Mo27_Ta27_Ti27_Zr27_n135,fcc,POCC_24_H1C14,1,4.7379404198303225,2.34307922577554,2.3948611940547826,0.5054646073705901
bcc_to_fcc,pure_pocc_aimd,POCC__fcc__POCC_24_H1C14__Hf27_Mo27_Ta27_Ti27_Zr27_n135,fcc,POCC_24_H1C14,1,4.7379404198303225,1.4315958836390463,3.3063445361912764,0.6978442621086579
bcc_to_fcc,pure_pocc_seed,POCC__fcc__POCC_25_H2C0__Hf18_Mo18_Ta18_Ti18_Zr18_n90,fcc,POCC_25_H2C0,2,4.925002121311918,1.581541363287856,3.3434607580240616,0.6788749884098392
bcc_to_fcc,pure_pocc_aimd,POCC__fcc__POCC_25_H2C0__Hf18_Mo18_Ta18_Ti18_Zr18_n90,fcc,POCC_25_H2C0,2,4.925002121311918,1.1128657734783856,3.8121363478335324,0.7740375037276245
bcc_to_fcc,pure_pocc_seed,POCC__fcc__POCC_26_H2C1__Hf18_Mo18_Ta18_Ti18_Zr18_n90,fcc,POCC_26_H2C1,2,4.913785815971577,1.691849010222391,3.221936805749186,0.6556933750096979
bcc_to_fcc,pure_pocc_aimd,POCC__fcc__POCC_26_H2C1__Hf18_Mo18_Ta18_Ti18_Zr18_n90,fcc,POCC_26_H2C1,2,4.913785815971577,1.1917929618132603,3.7219928541583167,0.7574593182430738
bcc_to_fcc,pure_pocc_seed,POCC__fcc__POCC_27_H2C2__Hf18_Mo18_Ta18_Ti18_Zr18_n90,fcc,POCC_27_H2C2,2,4.957881753754508,1.8085809014165755,3.149300852337933,0.6352109648345341
bcc_to_fcc,pure_pocc_aimd,POCC__fcc__POCC_27_H2C2__Hf18_Mo18_Ta18_Ti18_Zr18_n90,fcc,POCC_27_H2C2,2,4.957881753754508,1.308714533122933,3.649167220631575,0.7360335324391574
bcc_to_fcc,pure_pocc_seed,POCC__fcc__POCC_28_H2C3__Hf18_Mo18_Ta18_Ti18_Zr18_n90,fcc,POCC_28_H2C3,2,4.941155028037018,1.701716863808337,3.239438164228681,0.6556034258887883
bcc_to_fcc,pure_pocc_aimd,POCC__fcc__POCC_28_H2C3__Hf18_Mo18_Ta18_Ti18_Zr18_n90,fcc,POCC_28_H2C3,2,4.941155028037018,1.2529831090321681,3.68817191900485,0.7464189846457938
bcc_to_fcc,pure_pocc_seed,POCC__fcc__POCC_29_H2C4__Hf18_Mo18_Ta18_Ti18_Zr18_n90,fcc,POCC_29_H2C4,2,4.910908685293982,1.8493996274191955,3.061509057874786,0.6234098929680087
bcc_to_fcc,pure_pocc_aimd,POCC__fcc__POCC_29_H2C4__Hf18_Mo18_Ta18_Ti18_Zr18_n90,fcc,POCC_29_H2C4,2,4.910908685293982,1.333404492484166,3.5775041928098155,0.7284811064646493
bcc_to_fcc,pure_pocc_seed,POCC__fcc__POCC_30_H2C5__Hf18_Mo18_Ta18_Ti18_Zr18_n90,fcc,POCC_30_H2C5,2,4.9343153342501775,1.8316162615947063,3.1026990726554713,0.6288003223302225
bcc_to_fcc,pure_pocc_aimd,POCC__fcc__POCC_30_H2C5__Hf18_Mo18_Ta18_Ti18_Zr18_n90,fcc,POCC_30_H2C5,2,4.9343153342501775,1.3538464784871378,3.5804688557630397,0.7256262750193955
bcc_to_fcc,pure_pocc_seed,POCC__fcc__POCC_31_H2C6__Hf18_Mo18_Ta18_Ti18_Zr18_n90,fcc,POCC_31_H2C6,2,4.535763386264398,1.9141184106174367,2.621644975646961,0.5779942101005664
bcc_to_fcc,pure_pocc_aimd,POCC__fcc__POCC_31_H2C6__Hf18_Mo18_Ta18_Ti18_Zr18_n90,fcc,POCC_31_H2C6,2,4.535763386264398,1.1846885314524371,3.3510748548119604,0.7388116551581998
bcc_to_fcc,pure_pocc_seed,POCC__fcc__POCC_32_H2C7__Hf18_Mo18_Ta18_Ti18_Zr18_n90,fcc,POCC_32_H2C7,2,4.942876887820386,1.7892552736416283,3.153621614178758,0.6380133848669213
bcc_to_fcc,pure_pocc_aimd,POCC__fcc__POCC_32_H2C7__Hf18_Mo18_Ta18_Ti18_Zr18_n90,fcc,POCC_32_H2C7,2,4.942876887820386,1.3024747311255072,3.640402156694879,0.7364946041171082
bcc_to_fcc,pure_pocc_seed,POCC__fcc__POCC_33_H2C8__Hf18_Mo18_Ta18_Ti18_Zr18_n90,fcc,POCC_33_H2C8,2,4.91547251399432,1.6865543180308464,3.228918195963474,0.6568886687435976
bcc_to_fcc,pure_pocc_aimd,POCC__fcc__POCC_33_H2C8__Hf18_Mo18_Ta18_Ti18_Zr18_n90,fcc,POCC_33_H2C8,2,4.91547251399432,1.2057738332388537,3.7096986807554666,0.7546982859112683
bcc_to_fcc,pure_pocc_seed,POCC__fcc__POCC_34_H2C10__Hf18_Mo18_Ta18_Ti18_Zr18_n90,fcc,POCC_34_H2C10,2,4.9194347031009995,1.5364573226239902,3.3829773804770094,0.687676040977742
bcc_to_fcc,pure_pocc_aimd,POCC__fcc__POCC_34_H2C10__Hf18_Mo18_Ta18_Ti18_Zr18_n90,fcc,POCC_34_H2C10,2,4.9194347031009995,1.1173276376354773,3.8021070654655222,0.7728747904853454
bcc_to_fcc,pure_pocc_seed,POCC__fcc__POCC_35_H2C12__Hf18_Mo18_Ta18_Ti18_Zr18_n90,fcc,POCC_35_H2C12,2,4.535583016280416,1.8609048553609093,2.6746781609195067,0.5897098898463073
bcc_to_fcc,pure_pocc_aimd,POCC__fcc__POCC_35_H2C12__Hf18_Mo18_Ta18_Ti18_Zr18_n90,fcc,POCC_35_H2C12,2,4.535583016280416,1.2706548994764784,3.2649281168039375,0.7198475047385354
bcc_to_fcc,pure_pocc_seed,POCC__fcc__POCC_36_H2C14__Hf18_Mo18_Ta18_Ti18_Zr18_n90,fcc,POCC_36_H2C14,2,4.934715325023624,1.7944086533840053,3.1403066716396184,0.6363703810258974
bcc_to_fcc,pure_pocc_aimd,POCC__fcc__POCC_36_H2C14__Hf18_Mo18_Ta18_Ti18_Zr18_n90,fcc,POCC_36_H2C14,2,4.934715325023624,1.3059570482126577,3.628758276810966,0.7353531131592873
bcc_to_fcc,pure_pocc_seed,POCC__fcc__POCC_37_H3C0__Hf27_Mo27_Ta27_Ti27_Zr27_n135,fcc,POCC_37_H3C0,3,4.838954164451376,1.5615438148586884,3.277410349592688,0.6772972502342909
bcc_to_fcc,pure_pocc_aimd,POCC__fcc__POCC_37_H3C0__Hf27_Mo27_Ta27_Ti27_Zr27_n135,fcc,POCC_37_H3C0,3,4.838954164451376,1.429274341368354,3.4096798230830223,0.7046315602928633
bcc_to_fcc,pure_pocc_seed,POCC__fcc__POCC_38_H3C1__Hf27_Mo27_Ta27_Ti27_Zr27_n135,fcc,POCC_38_H3C1,3,4.744000386652012,2.537710235392911,2.2062901512591013,0.4650695555309911
bcc_to_fcc,pure_pocc_aimd,POCC__fcc__POCC_38_H3C1__Hf27_Mo27_Ta27_Ti27_Zr27_n135,fcc,POCC_38_H3C1,3,4.744000386652012,1.894425459390271,2.8495749272617417,0.6006692021525687
bcc_to_fcc,pure_pocc_seed,POCC__fcc__POCC_39_H3C2__Hf27_Mo27_Ta27_Ti27_Zr27_n135,fcc,POCC_39_H3C2,3,4.751826777137643,2.3866388473266804,2.365187929810962,0.4977428767375397
bcc_to_fcc,pure_pocc_aimd,POCC__fcc__POCC_39_H3C2__Hf27_Mo27_Ta27_Ti27_Zr27_n135,fcc,POCC_39_H3C2,3,4.751826777137643,2.022911974864259,2.7289148022733833,0.5742875172560897
bcc_to_fcc,pure_pocc_seed,POCC__fcc__POCC_40_H3C3__Hf27_Mo27_Ta27_Ti27_Zr27_n135,fcc,POCC_40_H3C3,3,4.792222834513693,2.9145381323519723,1.8776847021617202,0.39181915511912224
bcc_to_fcc,pure_pocc_aimd,POCC__fcc__POCC_40_H3C3__Hf27_Mo27_Ta27_Ti27_Zr27_n135,fcc,POCC_40_H3C3,3,4.792222834513693,2.2371958200547035,2.555027014458989,0.5331611451908349
bcc_to_fcc,pure_pocc_seed,POCC__fcc__POCC_49_H4C0__Hf27_Mo27_Ta27_Ti27_Zr27_n135,fcc,POCC_49_H4C0,4,5.491299392047603,1.5875789097831183,3.9037204822644846,0.7108919407886919
bcc_to_fcc,pure_pocc_aimd,POCC__fcc__POCC_49_H4C0__Hf27_Mo27_Ta27_Ti27_Zr27_n135,fcc,POCC_49_H4C0,4,5.491299392047603,0.9636867850613509,4.527612606986252,0.8245066028530617
