architecture,fold,comparison,baseline_regime,treatment_regime,force_bin,systems_with_atoms,baseline_equal_system_component_rmse_ev_a,treatment_equal_system_component_rmse_ev_a,absolute_reduction_ev_a,reduction_ci_low,reduction_ci_high,bootstrap_resamples
DPA2,fcc_to_bcc,pure_pocc_seed_vs_pure,pure,pure_pocc_seed,"[0, 0.5)",42,0.8400532522131234,0.2556105138405697,0.5844427383725537,0.5073916559734292,0.6645134559748638,10000
DPA2,fcc_to_bcc,pure_pocc_aimd_vs_pure,pure,pure_pocc_aimd,"[0, 0.5)",42,0.8400532522131234,0.21701962863254037,0.6230336235805831,0.5571340300387372,0.6929889903541582,10000
DPA2,fcc_to_bcc,pure_pocc_aimd_vs_pure_pocc_seed,pure_pocc_seed,pure_pocc_aimd,"[0, 0.5)",42,0.2556105138405697,0.21701962863254037,0.038590885208029335,0.013639639951433923,0.060995785881580424,10000
DPA2,fcc_to_bcc,pure_pocc_seed_vs_pure,pure,pure_pocc_seed,"[0.5, 1)",41,0.8956047654001587,0.4762300208941274,0.41937474450603124,0.3291294912742786,0.5174572701956638,10000
DPA2,fcc_to_bcc,pure_pocc_aimd_vs_pure,pure,pure_pocc_aimd,"[0.5, 1)",41,0.8956047654001587,0.2574884538856359,0.6381163115145227,0.5721066037564037,0.7102743297171288,10000
DPA2,fcc_to_bcc,pure_pocc_aimd_vs_pure_pocc_seed,pure_pocc_seed,pure_pocc_aimd,"[0.5, 1)",41,0.4762300208941274,0.2574884538856359,0.2187415670084915,0.18134169416314025,0.25496770094047944,10000
DPA2,fcc_to_bcc,pure_pocc_seed_vs_pure,pure,pure_pocc_seed,"[1, 2)",41,0.9930412969209931,0.8165262830868134,0.17651501383417967,0.055039754826344725,0.3153148240589664,10000
DPA2,fcc_to_bcc,pure_pocc_aimd_vs_pure,pure,pure_pocc_aimd,"[1, 2)",41,0.9930412969209931,0.3029781336660364,0.6900631632549568,0.6105380239042417,0.7842005755513196,10000
DPA2,fcc_to_bcc,pure_pocc_aimd_vs_pure_pocc_seed,pure_pocc_seed,pure_pocc_aimd,"[1, 2)",41,0.8165262830868134,0.3029781336660364,0.513548149420777,0.4501743503713165,0.5739639720018207,10000
DPA2,fcc_to_bcc,pure_pocc_seed_vs_pure,pure,pure_pocc_seed,"[2, 4)",41,1.1673186622801535,1.3447159176908283,-0.17739725541067486,-0.32879029426753237,-0.0023676008523667033,10000
DPA2,fcc_to_bcc,pure_pocc_aimd_vs_pure,pure,pure_pocc_aimd,"[2, 4)",41,1.1673186622801535,0.381160743215969,0.7861579190641845,0.6937505456205745,0.9062205681523957,10000
DPA2,fcc_to_bcc,pure_pocc_aimd_vs_pure_pocc_seed,pure_pocc_seed,pure_pocc_aimd,"[2, 4)",41,1.3447159176908283,0.381160743215969,0.9635551744748594,0.8740067567500043,1.0482858461918017,10000
DPA2,fcc_to_bcc,pure_pocc_seed_vs_pure,pure,pure_pocc_seed,"[4, inf)",22,1.8611611342014918,2.5071003093946214,-0.6459391751931296,-1.033387018576281,-0.2575033052193846,10000
DPA2,fcc_to_bcc,pure_pocc_aimd_vs_pure,pure,pure_pocc_aimd,"[4, inf)",22,1.8611611342014918,0.8454885461779633,1.0156725880235284,0.7761804441603684,1.2813692347806365,10000
DPA2,fcc_to_bcc,pure_pocc_aimd_vs_pure_pocc_seed,pure_pocc_seed,pure_pocc_aimd,"[4, inf)",22,2.5071003093946214,0.8454885461779633,1.661611763216658,1.423625246382468,1.901035147127215,10000
DPA2,bcc_to_fcc,pure_pocc_seed_vs_pure,pure,pure_pocc_seed,"[0, 0.5)",41,0.6757227133632807,0.22082982624477349,0.4548928871185072,0.40172083902073175,0.5185314918025424,10000
DPA2,bcc_to_fcc,pure_pocc_aimd_vs_pure,pure,pure_pocc_aimd,"[0, 0.5)",41,0.6757227133632807,0.19407088273557543,0.4816518306277053,0.42862921979178736,0.5455868955801658,10000
DPA2,bcc_to_fcc,pure_pocc_aimd_vs_pure_pocc_seed,pure_pocc_seed,pure_pocc_aimd,"[0, 0.5)",41,0.22082982624477349,0.19407088273557543,0.026758943509198052,0.006423909133387883,0.04598551852101395,10000
DPA2,bcc_to_fcc,pure_pocc_seed_vs_pure,pure,pure_pocc_seed,"[0.5, 1)",41,0.7515536466791454,0.4195018142005118,0.33205183247863357,0.2708034375106244,0.3971854463700641,10000
DPA2,bcc_to_fcc,pure_pocc_aimd_vs_pure,pure,pure_pocc_aimd,"[0.5, 1)",41,0.7515536466791454,0.22556933684039793,0.5259843098387474,0.4744514158171889,0.5835874953542534,10000
DPA2,bcc_to_fcc,pure_pocc_aimd_vs_pure_pocc_seed,pure_pocc_seed,pure_pocc_aimd,"[0.5, 1)",41,0.4195018142005118,0.22556933684039793,0.19393247736011388,0.16329746294318376,0.22320540765265698,10000
DPA2,bcc_to_fcc,pure_pocc_seed_vs_pure,pure,pure_pocc_seed,"[1, 2)",41,0.8179577459182181,0.7513105344290899,0.06664721148912822,0.0015465993810030486,0.13546460848569183,10000
DPA2,bcc_to_fcc,pure_pocc_aimd_vs_pure,pure,pure_pocc_aimd,"[1, 2)",41,0.8179577459182181,0.2559411440543907,0.5620166018638274,0.5127053335724128,0.6157537069683933,10000
DPA2,bcc_to_fcc,pure_pocc_aimd_vs_pure_pocc_seed,pure_pocc_seed,pure_pocc_aimd,"[1, 2)",41,0.7513105344290899,0.2559411440543907,0.4953693903746992,0.45144023409622397,0.5372910179487602,10000
DPA2,bcc_to_fcc,pure_pocc_seed_vs_pure,pure,pure_pocc_seed,"[2, 4)",41,0.9397744240237258,1.2646556856022653,-0.32488126157853947,-0.3899009538715718,-0.25690623530724765,10000
DPA2,bcc_to_fcc,pure_pocc_aimd_vs_pure,pure,pure_pocc_aimd,"[2, 4)",41,0.9397744240237258,0.30208317171309484,0.637691252310631,0.5831468806411532,0.6948985538714534,10000
DPA2,bcc_to_fcc,pure_pocc_aimd_vs_pure_pocc_seed,pure_pocc_seed,pure_pocc_aimd,"[2, 4)",41,1.2646556856022653,0.30208317171309484,0.9625725138891704,0.9048650214692684,1.0158128943534963,10000
DPA2,bcc_to_fcc,pure_pocc_seed_vs_pure,pure,pure_pocc_seed,"[4, inf)",24,1.127215696454117,2.2281062605131283,-1.1008905640590114,-1.2553662588806676,-0.933746353675092,10000
DPA2,bcc_to_fcc,pure_pocc_aimd_vs_pure,pure,pure_pocc_aimd,"[4, inf)",24,1.127215696454117,0.4545104987689003,0.6727051976852165,0.4500027989089525,0.8829497752203931,10000
DPA2,bcc_to_fcc,pure_pocc_aimd_vs_pure_pocc_seed,pure_pocc_seed,pure_pocc_aimd,"[4, inf)",24,2.2281062605131283,0.4545104987689003,1.773595761744228,1.6080768813237523,1.9161608839112445,10000
DPA3,fcc_to_bcc,pure_pocc_seed_vs_pure,pure,pure_pocc_seed,"[0, 0.5)",42,0.530165529930287,0.3053188543537625,0.2248466755765245,0.12983083552600605,0.33893978820058723,10000
DPA3,fcc_to_bcc,pure_pocc_aimd_vs_pure,pure,pure_pocc_aimd,"[0, 0.5)",42,0.530165529930287,0.41480496152600793,0.11536056840427905,-0.038343845616588206,0.23112390925331322,10000
DPA3,fcc_to_bcc,pure_pocc_aimd_vs_pure_pocc_seed,pure_pocc_seed,pure_pocc_aimd,"[0, 0.5)",42,0.3053188543537625,0.41480496152600793,-0.10948610717224544,-0.28401120186163614,0.030849798829263034,10000
DPA3,fcc_to_bcc,pure_pocc_seed_vs_pure,pure,pure_pocc_seed,"[0.5, 1)",41,0.685186630273009,0.5215867282198327,0.16359990205317632,-0.012000146169418894,0.41168670296759113,10000
DPA3,fcc_to_bcc,pure_pocc_aimd_vs_pure,pure,pure_pocc_aimd,"[0.5, 1)",41,0.685186630273009,0.735951795052637,-0.050765164779628,-0.3772718827656808,0.18271999768722916,10000
DPA3,fcc_to_bcc,pure_pocc_aimd_vs_pure_pocc_seed,pure_pocc_seed,pure_pocc_aimd,"[0.5, 1)",41,0.5215867282198327,0.735951795052637,-0.21436506683280432,-0.6166242085136705,0.12093109168182317,10000
DPA3,fcc_to_bcc,pure_pocc_seed_vs_pure,pure,pure_pocc_seed,"[1, 2)",41,0.8818532947694901,0.851816691806447,0.030036602963043113,-0.23675268255779988,0.3960802040608887,10000
DPA3,fcc_to_bcc,pure_pocc_aimd_vs_pure,pure,pure_pocc_aimd,"[1, 2)",41,0.8818532947694901,1.0144853296653666,-0.1326320348958765,-0.5351104737534021,0.19504926082380378,10000
DPA3,fcc_to_bcc,pure_pocc_aimd_vs_pure_pocc_seed,pure_pocc_seed,pure_pocc_aimd,"[1, 2)",41,0.851816691806447,1.0144853296653666,-0.1626686378589196,-0.7596077265108593,0.34767990099638313,10000
DPA3,fcc_to_bcc,pure_pocc_seed_vs_pure,pure,pure_pocc_seed,"[2, 4)",41,0.9392060875351391,1.3009893329661422,-0.36178324543100304,-0.6020392832610486,-0.040632771961968545,10000
DPA3,fcc_to_bcc,pure_pocc_aimd_vs_pure,pure,pure_pocc_aimd,"[2, 4)",41,0.9392060875351391,1.1786678385294616,-0.23946175099432243,-0.7426942659084936,0.19196479663505567,10000
DPA3,fcc_to_bcc,pure_pocc_aimd_vs_pure_pocc_seed,pure_pocc_seed,pure_pocc_aimd,"[2, 4)",41,1.3009893329661422,1.1786678385294616,0.12232149443668061,-0.5994499007500041,0.7313803867560791,10000
DPA3,fcc_to_bcc,pure_pocc_seed_vs_pure,pure,pure_pocc_seed,"[4, inf)",22,1.2312264061211464,2.292353119381124,-1.0611267132599775,-1.3160135439598153,-0.7870593676413378,10000
DPA3,fcc_to_bcc,pure_pocc_aimd_vs_pure,pure,pure_pocc_aimd,"[4, inf)",22,1.2312264061211464,1.1529531058987503,0.07827330022239609,-0.12137245846618801,0.2440829844438748,10000
DPA3,fcc_to_bcc,pure_pocc_aimd_vs_pure_pocc_seed,pure_pocc_seed,pure_pocc_aimd,"[4, inf)",22,2.292353119381124,1.1529531058987503,1.1394000134823736,0.7570816072560688,1.4829454209738815,10000
DPA3,bcc_to_fcc,pure_pocc_seed_vs_pure,pure,pure_pocc_seed,"[0, 0.5)",41,0.39439977555605615,0.2193579355755797,0.17504183998047645,0.14648599875863538,0.20435620618235154,10000
DPA3,bcc_to_fcc,pure_pocc_aimd_vs_pure,pure,pure_pocc_aimd,"[0, 0.5)",41,0.39439977555605615,0.24245899548284847,0.1519407800732077,0.11349505269945598,0.18852526270452713,10000
DPA3,bcc_to_fcc,pure_pocc_aimd_vs_pure_pocc_seed,pure_pocc_seed,pure_pocc_aimd,"[0, 0.5)",41,0.2193579355755797,0.24245899548284847,-0.023101059907268767,-0.06750045536686416,0.01595096759783689,10000
DPA3,bcc_to_fcc,pure_pocc_seed_vs_pure,pure,pure_pocc_seed,"[0.5, 1)",41,0.4112683652932382,0.4110329792701026,0.00023538602313555312,-0.02302154205444512,0.023482933677711513,10000
DPA3,bcc_to_fcc,pure_pocc_aimd_vs_pure,pure,pure_pocc_aimd,"[0.5, 1)",41,0.4112683652932382,0.27278356701600326,0.13848479827723492,0.0868347071277866,0.18490453476743632,10000
DPA3,bcc_to_fcc,pure_pocc_aimd_vs_pure_pocc_seed,pure_pocc_seed,pure_pocc_aimd,"[0.5, 1)",41,0.4110329792701026,0.27278356701600326,0.13824941225409937,0.08064248914034441,0.18995166975061556,10000
DPA3,bcc_to_fcc,pure_pocc_seed_vs_pure,pure,pure_pocc_seed,"[1, 2)",41,0.4300275298723686,0.7294962783896913,-0.29946874851732275,-0.32262333022247713,-0.27510089576159596,10000
DPA3,bcc_to_fcc,pure_pocc_aimd_vs_pure,pure,pure_pocc_aimd,"[1, 2)",41,0.4300275298723686,0.31389409241850674,0.11613343745386184,0.04712980326590069,0.17873639680759865,10000
DPA3,bcc_to_fcc,pure_pocc_aimd_vs_pure_pocc_seed,pure_pocc_seed,pure_pocc_aimd,"[1, 2)",41,0.7294962783896913,0.31389409241850674,0.4156021859711846,0.3415887513741916,0.48304753324087757,10000
DPA3,bcc_to_fcc,pure_pocc_seed_vs_pure,pure,pure_pocc_seed,"[2, 4)",41,0.4740903167069134,1.2076301572668013,-0.733539840559888,-0.7670933016101418,-0.6978921447609543,10000
DPA3,bcc_to_fcc,pure_pocc_aimd_vs_pure,pure,pure_pocc_aimd,"[2, 4)",41,0.4740903167069134,0.38627492346731024,0.08781539323960313,-0.005608615563890313,0.17277694516879477,10000
DPA3,bcc_to_fcc,pure_pocc_aimd_vs_pure_pocc_seed,pure_pocc_seed,pure_pocc_aimd,"[2, 4)",41,1.2076301572668013,0.38627492346731024,0.8213552337994912,0.7235363747667147,0.910742542055111,10000
DPA3,bcc_to_fcc,pure_pocc_seed_vs_pure,pure,pure_pocc_seed,"[4, inf)",24,0.5228236702711804,2.096623431193896,-1.5737997609227155,-1.7500022341525319,-1.362029453862943,10000
DPA3,bcc_to_fcc,pure_pocc_aimd_vs_pure,pure,pure_pocc_aimd,"[4, inf)",24,0.5228236702711804,0.5504987991238947,-0.02767512885271428,-0.203900675755005,0.10042081691166344,10000
DPA3,bcc_to_fcc,pure_pocc_aimd_vs_pure_pocc_seed,pure_pocc_seed,pure_pocc_aimd,"[4, inf)",24,2.096623431193896,0.5504987991238947,1.546124632070001,1.2866351279466792,1.7668170868889745,10000
DPA4,fcc_to_bcc,pure_pocc_seed_vs_pure,pure,pure_pocc_seed,"[0, 0.5)",42,0.6093809916000975,0.25317181580884857,0.35620917579124894,0.2861280907259534,0.43538583395299785,10000
DPA4,fcc_to_bcc,pure_pocc_aimd_vs_pure,pure,pure_pocc_aimd,"[0, 0.5)",42,0.6093809916000975,0.18796528596498496,0.42141570563511255,0.35643315630195394,0.4921144840431518,10000
DPA4,fcc_to_bcc,pure_pocc_aimd_vs_pure_pocc_seed,pure_pocc_seed,pure_pocc_aimd,"[0, 0.5)",42,0.25317181580884857,0.18796528596498496,0.0652065298438636,0.03651686411314279,0.09073867985630367,10000
DPA4,fcc_to_bcc,pure_pocc_seed_vs_pure,pure,pure_pocc_seed,"[0.5, 1)",41,0.7642711737686306,0.3674657344207448,0.3968054393478858,0.20571137916326973,0.6778275629551398,10000
DPA4,fcc_to_bcc,pure_pocc_aimd_vs_pure,pure,pure_pocc_aimd,"[0.5, 1)",41,0.7642711737686306,0.2563030254973492,0.5079681482712814,0.3174426823457013,0.7831986852441258,10000
DPA4,fcc_to_bcc,pure_pocc_aimd_vs_pure_pocc_seed,pure_pocc_seed,pure_pocc_aimd,"[0.5, 1)",41,0.3674657344207448,0.2563030254973492,0.11116270892339564,0.03752093530808959,0.16901943781181872,10000
DPA4,fcc_to_bcc,pure_pocc_seed_vs_pure,pure,pure_pocc_seed,"[1, 2)",41,1.063962715731406,0.5084760513645518,0.5554866643668542,0.1739976495292522,1.0839281867668549,10000
DPA4,fcc_to_bcc,pure_pocc_aimd_vs_pure,pure,pure_pocc_aimd,"[1, 2)",41,1.063962715731406,0.3580062560062091,0.7059564597251968,0.36236112676069226,1.1980223624208748,10000
DPA4,fcc_to_bcc,pure_pocc_aimd_vs_pure_pocc_seed,pure_pocc_seed,pure_pocc_aimd,"[1, 2)",41,0.5084760513645518,0.3580062560062091,0.15046979535834265,0.04177662204970949,0.2464242964955601,10000
DPA4,fcc_to_bcc,pure_pocc_seed_vs_pure,pure,pure_pocc_seed,"[2, 4)",41,1.6219663152100425,0.7426741613676119,0.8792921538424306,0.2500224087799939,1.6203939597779353,10000
DPA4,fcc_to_bcc,pure_pocc_aimd_vs_pure,pure,pure_pocc_aimd,"[2, 4)",41,1.6219663152100425,0.7157073162328478,0.9062589989771948,0.45235144130995,1.4536349002515776,10000
DPA4,fcc_to_bcc,pure_pocc_aimd_vs_pure_pocc_seed,pure_pocc_seed,pure_pocc_aimd,"[2, 4)",41,0.7426741613676119,0.7157073162328478,0.026966845134764106,-0.2763526683576644,0.30387196904364344,10000
DPA4,fcc_to_bcc,pure_pocc_seed_vs_pure,pure,pure_pocc_seed,"[4, inf)",22,3.693147480683062,1.2986531448016483,2.3944943358814137,0.678134071522901,4.42649360763732,10000
DPA4,fcc_to_bcc,pure_pocc_aimd_vs_pure,pure,pure_pocc_aimd,"[4, inf)",22,3.693147480683062,1.919107114587404,1.774040366095658,0.6356768853523873,3.2084334999965543,10000
DPA4,fcc_to_bcc,pure_pocc_aimd_vs_pure_pocc_seed,pure_pocc_seed,pure_pocc_aimd,"[4, inf)",22,1.2986531448016483,1.919107114587404,-0.6204539697857556,-1.5558960613801298,0.22032746632517658,10000
DPA4,bcc_to_fcc,pure_pocc_seed_vs_pure,pure,pure_pocc_seed,"[0, 0.5)",41,0.5868841470115107,0.6653506999552641,-0.07846655294375338,-0.18734661862835258,0.024322816669512134,10000
DPA4,bcc_to_fcc,pure_pocc_aimd_vs_pure,pure,pure_pocc_aimd,"[0, 0.5)",41,0.5868841470115107,0.18015704299695123,0.40672710401455947,0.36294462023925117,0.450010384694294,10000
DPA4,bcc_to_fcc,pure_pocc_aimd_vs_pure_pocc_seed,pure_pocc_seed,pure_pocc_aimd,"[0, 0.5)",41,0.6653506999552641,0.18015704299695123,0.48519365695831285,0.356831146028821,0.6241946956490786,10000
DPA4,bcc_to_fcc,pure_pocc_seed_vs_pure,pure,pure_pocc_seed,"[0.5, 1)",41,0.5781974875269418,0.8572898785295585,-0.27909239100261674,-0.4428634526943626,-0.12941761297912643,10000
DPA4,bcc_to_fcc,pure_pocc_aimd_vs_pure,pure,pure_pocc_aimd,"[0.5, 1)",41,0.5781974875269418,0.19553401908968437,0.3826634684372574,0.34141349802268817,0.42351722292493255,10000
DPA4,bcc_to_fcc,pure_pocc_aimd_vs_pure_pocc_seed,pure_pocc_seed,pure_pocc_aimd,"[0.5, 1)",41,0.8572898785295585,0.19553401908968437,0.6617558594398741,0.4843218251988439,0.8539203605289694,10000
DPA4,bcc_to_fcc,pure_pocc_seed_vs_pure,pure,pure_pocc_seed,"[1, 2)",41,0.5757310380494354,1.0578502272458075,-0.4821191891963721,-0.6924224255064987,-0.2897779676446997,10000
DPA4,bcc_to_fcc,pure_pocc_aimd_vs_pure,pure,pure_pocc_aimd,"[1, 2)",41,0.5757310380494354,0.21589999592060996,0.35983104212882544,0.31789303918997885,0.4013932313538495,10000
DPA4,bcc_to_fcc,pure_pocc_aimd_vs_pure_pocc_seed,pure_pocc_seed,pure_pocc_aimd,"[1, 2)",41,1.0578502272458075,0.21589999592060996,0.8419502313251975,0.6166136113036408,1.0846983682677593,10000
DPA4,bcc_to_fcc,pure_pocc_seed_vs_pure,pure,pure_pocc_seed,"[2, 4)",41,0.5862600083588259,1.355659190092181,-0.7693991817333552,-1.1101552686133367,-0.47664904669747465,10000
DPA4,bcc_to_fcc,pure_pocc_aimd_vs_pure,pure,pure_pocc_aimd,"[2, 4)",41,0.5862600083588259,0.25489569286687574,0.3313643154919501,0.287505758502351,0.3762637783316485,10000
DPA4,bcc_to_fcc,pure_pocc_aimd_vs_pure_pocc_seed,pure_pocc_seed,pure_pocc_aimd,"[2, 4)",41,1.355659190092181,0.25489569286687574,1.1007634972253053,0.7760475715586043,1.4728836553753022,10000
DPA4,bcc_to_fcc,pure_pocc_seed_vs_pure,pure,pure_pocc_seed,"[4, inf)",24,0.5390018446797535,1.1129619724177886,-0.5739601277380351,-0.8223683524208687,-0.3393000316416679,10000
DPA4,bcc_to_fcc,pure_pocc_aimd_vs_pure,pure,pure_pocc_aimd,"[4, inf)",24,0.5390018446797535,0.38517135523020074,0.1538304894495528,0.0600941271426655,0.25626154508440635,10000
DPA4,bcc_to_fcc,pure_pocc_aimd_vs_pure_pocc_seed,pure_pocc_seed,pure_pocc_aimd,"[4, inf)",24,1.1129619724177886,0.38517135523020074,0.7277906171875879,0.4809158191843726,0.9879318976456979,10000
