fold,regime,system_id,parent_family,structure,hnf_group,environment_count,coverage_distance_mean,coverage_distance_median,coverage_distance_p90,coverage_distance_minimum,coverage_distance_maximum
fcc_to_bcc,pure,POCC__bcc__POCC_01_H0C0__Hf32_Mo32_Ta32_Ti32_Zr32_n160,bcc,POCC_01_H0C0,0,60,3.600770940820875,3.7680644386616122,4.386272633123618,2.900388720674023,4.3862743853662804
fcc_to_bcc,pure,POCC__bcc__POCC_02_H0C1__Hf32_Mo32_Ta32_Ti32_Zr32_n160,bcc,POCC_02_H0C1,0,60,3.629275259067113,3.7020767236977905,4.419022728765397,3.0369624089032983,4.419025148200216
fcc_to_bcc,pure,POCC__bcc__POCC_03_H0C2__Hf32_Mo32_Ta32_Ti32_Zr32_n160,bcc,POCC_03_H0C2,0,60,3.6306417109241593,3.694110039599657,4.402514982611727,2.8467338437233995,4.402515842411302
fcc_to_bcc,pure,POCC__bcc__POCC_04_H0C3__Hf32_Mo32_Ta32_Ti32_Zr32_n160,bcc,POCC_04_H0C3,0,60,3.6446095138978793,3.560535818176704,4.45235787641367,3.0404111119413,4.452361378523492
fcc_to_bcc,pure,POCC__bcc__POCC_05_H0C4__Hf32_Mo32_Ta32_Ti32_Zr32_n160,bcc,POCC_05_H0C4,0,60,3.641459309798239,3.706039443735964,4.300724054710563,2.9468492836703897,4.300725538777909
fcc_to_bcc,pure,POCC__bcc__POCC_06_H0C5__Hf32_Mo32_Ta32_Ti32_Zr32_n160,bcc,POCC_06_H0C5,0,60,3.638129393717634,3.7225357575997666,4.299356534238391,2.9573154429187807,4.29936075882933
fcc_to_bcc,pure,POCC__bcc__POCC_07_H0C6__Hf32_Mo32_Ta32_Ti32_Zr32_n160,bcc,POCC_07_H0C6,0,60,3.590534772175125,3.6515285073235133,4.453110697224573,2.7951633757957053,4.453115822646831
fcc_to_bcc,pure,POCC__bcc__POCC_08_H0C7__Hf32_Mo32_Ta32_Ti32_Zr32_n160,bcc,POCC_08_H0C7,0,60,3.5858744372449416,3.6387879886336343,4.283919363563667,2.8866625918416147,4.28891610446559
fcc_to_bcc,pure,POCC__bcc__POCC_09_H0C8__Hf32_Mo32_Ta32_Ti32_Zr32_n160,bcc,POCC_09_H0C8,0,60,3.620100599251027,3.6998213024481332,4.379530019145363,2.7023726293004326,4.379530649963895
fcc_to_bcc,pure,POCC__bcc__POCC_10_H0C10__Hf32_Mo32_Ta32_Ti32_Zr32_n160,bcc,POCC_10_H0C10,0,60,3.6387608326846035,3.50165458128283,4.452349135698739,2.9025428181822077,4.452356181590867
fcc_to_bcc,pure,POCC__bcc__POCC_11_H0C12__Hf32_Mo32_Ta32_Ti32_Zr32_n160,bcc,POCC_11_H0C12,0,60,3.607392905418989,3.6577942839412954,4.480086196485056,2.7847147870551754,4.48009215448512
fcc_to_bcc,pure,POCC__bcc__POCC_12_H0C14__Hf32_Mo32_Ta32_Ti32_Zr32_n160,bcc,POCC_12_H0C14,0,60,3.6041765360030524,3.773485589645493,4.380392638619859,2.7564378098870774,4.380398023878074
fcc_to_bcc,pure,POCC__bcc__POCC_13_H1C0__Hf20_Mo20_Ta20_Ti20_Zr20_n100,bcc,POCC_13_H1C0,1,240,4.528687361456027,4.614244489334372,5.019405776311129,3.738823259738966,5.305447183923715
fcc_to_bcc,pure,POCC__bcc__POCC_14_H1C1__Hf20_Mo20_Ta20_Ti20_Zr20_n100,bcc,POCC_14_H1C1,1,900,4.505345420210241,4.5828648690984615,5.001986529329056,3.641068191744504,5.327649981997208
fcc_to_bcc,pure,POCC__bcc__POCC_15_H1C2__Hf20_Mo20_Ta20_Ti20_Zr20_n100,bcc,POCC_15_H1C2,1,720,4.477812554101128,4.536847796753316,5.014348380565118,3.5542272443803706,5.301995116228957
fcc_to_bcc,pure,POCC__bcc__POCC_16_H1C3__Hf20_Mo20_Ta20_Ti20_Zr20_n100,bcc,POCC_16_H1C3,1,1800,4.498208917654709,4.543459208697742,5.001405527130558,3.6118403969485184,5.312496756884312
fcc_to_bcc,pure,POCC__bcc__POCC_17_H1C4__Hf20_Mo20_Ta20_Ti20_Zr20_n100,bcc,POCC_17_H1C4,1,960,4.492059171201199,4.538349818639587,5.000701932998768,3.6689964325530404,5.249329572468656
fcc_to_bcc,pure,POCC__bcc__POCC_18_H1C5__Hf20_Mo20_Ta20_Ti20_Zr20_n100,bcc,POCC_18_H1C5,1,180,4.574845808424276,4.645216172711248,5.000412593132903,3.7479754353605594,5.165078043580706
fcc_to_bcc,pure,POCC__bcc__POCC_19_H1C6__Hf20_Mo20_Ta20_Ti20_Zr20_n100,bcc,POCC_19_H1C6,1,840,4.541338366770833,4.616096836140878,5.008889826229802,3.6287851210756514,5.228690572780371
fcc_to_bcc,pure,POCC__bcc__POCC_20_H1C7__Hf20_Mo20_Ta20_Ti20_Zr20_n100,bcc,POCC_20_H1C7,1,900,4.526470884342997,4.600806341790863,5.017382968579709,3.594559978656805,5.287955762684206
fcc_to_bcc,pure,POCC__bcc__POCC_21_H1C8__Hf20_Mo20_Ta20_Ti20_Zr20_n100,bcc,POCC_21_H1C8,1,1020,4.493752086127593,4.559043460387983,5.013887238353126,3.621707771749663,5.329218093330666
fcc_to_bcc,pure,POCC__bcc__POCC_22_H1C10__Hf20_Mo20_Ta20_Ti20_Zr20_n100,bcc,POCC_22_H1C10,1,900,4.510540118780859,4.552208231616457,5.023237261154416,3.6309355541682735,5.23517544413659
fcc_to_bcc,pure,POCC__bcc__POCC_23_H1C12__Hf20_Mo20_Ta20_Ti20_Zr20_n100,bcc,POCC_23_H1C12,1,720,4.55593834979116,4.623701578215881,5.034671042150148,3.690941608468136,5.318033616036917
fcc_to_bcc,pure,POCC__bcc__POCC_24_H1C14__Hf20_Mo20_Ta20_Ti20_Zr20_n100,bcc,POCC_24_H1C14,1,540,4.531997966745815,4.594004810524294,5.014019256320947,3.5538718243444056,5.4456714999857345
fcc_to_bcc,pure,POCC__bcc__POCC_25_H2C0__Hf27_Mo27_Ta27_Ti27_Zr27_n135,bcc,POCC_25_H2C0,2,60,5.06370764637355,5.3689348107076444,5.750319797660855,4.269659345792908,5.75032881540472
fcc_to_bcc,pure,POCC__bcc__POCC_33_H2C8__Hf27_Mo27_Ta27_Ti27_Zr27_n135,bcc,POCC_33_H2C8,2,60,5.093126486513989,5.263812417612762,5.778286265336714,4.3442673663594595,5.778287617031304
fcc_to_bcc,pure,POCC__bcc__POCC_34_H2C10__Hf27_Mo27_Ta27_Ti27_Zr27_n135,bcc,POCC_34_H2C10,2,120,4.932975584058105,4.891658029854182,5.6560105884085425,3.7452351396460846,5.812676064964113
fcc_to_bcc,pure,POCC__bcc__POCC_35_H2C12__Hf27_Mo27_Ta27_Ti27_Zr27_n135,bcc,POCC_35_H2C12,2,120,4.83026875278105,4.8735290328812795,5.719013471039361,3.7721290721948364,5.823405482831639
fcc_to_bcc,pure,POCC__bcc__POCC_36_H2C14__Hf27_Mo27_Ta27_Ti27_Zr27_n135,bcc,POCC_36_H2C14,2,120,4.877687513408941,5.005874351140314,5.591559729617323,3.6705520261167335,5.736039900402043
fcc_to_bcc,pure,POCC__bcc__POCC_37_H3C0__Hf27_Mo27_Ta27_Ti27_Zr27_n135,bcc,POCC_37_H3C0,3,300,4.815921344693118,4.960231951961276,5.322036819316743,3.933059412183167,5.4219388410123575
fcc_to_bcc,pure,POCC__bcc__POCC_38_H4C0__Hf27_Mo27_Ta27_Ti27_Zr27_n135,bcc,POCC_38_H4C0,4,300,5.399015488889608,5.432127776753763,5.8002081877612195,4.620104497370037,5.979167409696308
fcc_to_bcc,pure,POCC__bcc__POCC_39_H4C1__Hf27_Mo27_Ta27_Ti27_Zr27_n135,bcc,POCC_39_H4C1,4,300,5.388827322595781,5.432350480167885,5.781802603395701,4.71107046339945,5.972412030125621
fcc_to_bcc,pure,POCC__bcc__POCC_40_H4C2__Hf27_Mo27_Ta27_Ti27_Zr27_n135,bcc,POCC_40_H4C2,4,300,5.422107730385744,5.441472759376545,5.8927046494940525,4.5719943412682,5.972464120740513
fcc_to_bcc,pure,POCC__bcc__POCC_41_H4C3__Hf27_Mo27_Ta27_Ti27_Zr27_n135,bcc,POCC_41_H4C3,4,360,5.42457520414614,5.4730922037283785,5.8261550025735875,4.589248569892158,5.977391097376691
fcc_to_bcc,pure,POCC__bcc__POCC_42_H4C4__Hf27_Mo27_Ta27_Ti27_Zr27_n135,bcc,POCC_42_H4C4,4,360,5.372677582494656,5.400468453212614,5.834531536336617,4.546002936735523,6.012961340774841
fcc_to_bcc,pure,POCC__bcc__POCC_43_H4C5__Hf27_Mo27_Ta27_Ti27_Zr27_n135,bcc,POCC_43_H4C5,4,360,5.357690237342691,5.395412733036429,5.846971073339171,4.361166542569482,6.084049747063891
fcc_to_bcc,pure,POCC__bcc__POCC_44_H4C6__Hf27_Mo27_Ta27_Ti27_Zr27_n135,bcc,POCC_44_H4C6,4,300,5.449056066952586,5.498576913671456,5.862312105543303,4.713942595040054,5.944949042373965
fcc_to_bcc,pure,POCC__bcc__POCC_45_H4C7__Hf27_Mo27_Ta27_Ti27_Zr27_n135,bcc,POCC_45_H4C7,4,360,5.387051956802778,5.425115167796466,5.762076122422394,4.703548233501753,5.977896707518428
fcc_to_bcc,pure,POCC__bcc__POCC_46_H4C8__Hf27_Mo27_Ta27_Ti27_Zr27_n135,bcc,POCC_46_H4C8,4,300,5.450721910962067,5.520309438178991,5.881479000706666,4.637326011135188,6.006665673468187
fcc_to_bcc,pure,POCC__bcc__POCC_47_H4C10__Hf27_Mo27_Ta27_Ti27_Zr27_n135,bcc,POCC_47_H4C10,4,300,5.420254102462197,5.491801119518442,5.828122098280582,4.54960678731162,5.985123895265564
fcc_to_bcc,pure,POCC__bcc__POCC_48_H4C12__Hf27_Mo27_Ta27_Ti27_Zr27_n135,bcc,POCC_48_H4C12,4,360,5.435299702141223,5.491008477984291,5.861969649959511,4.563440153944327,5.943125603686623
fcc_to_bcc,pure,POCC__bcc__POCC_49_H4C14__Hf27_Mo27_Ta27_Ti27_Zr27_n135,bcc,POCC_49_H4C14,4,300,5.402903736097701,5.462055158842634,5.821975852638113,4.6145623051014555,5.983040100132075
fcc_to_bcc,pure_pocc_seed,POCC__bcc__POCC_01_H0C0__Hf32_Mo32_Ta32_Ti32_Zr32_n160,bcc,POCC_01_H0C0,0,60,3.4031494258093646,3.605939703571188,3.806094644533275,2.900388720674023,3.806099643408377
fcc_to_bcc,pure_pocc_seed,POCC__bcc__POCC_02_H0C1__Hf32_Mo32_Ta32_Ti32_Zr32_n160,bcc,POCC_02_H0C1,0,60,3.449721306005271,3.6257679571370938,3.8329652150936533,3.0369624089032983,3.832973346888482
fcc_to_bcc,pure_pocc_seed,POCC__bcc__POCC_03_H0C2__Hf32_Mo32_Ta32_Ti32_Zr32_n160,bcc,POCC_03_H0C2,0,60,3.3627506201422945,3.4414203766028204,3.8451428567125268,2.8467338437233995,3.8451474890694146
fcc_to_bcc,pure_pocc_seed,POCC__bcc__POCC_04_H0C3__Hf32_Mo32_Ta32_Ti32_Zr32_n160,bcc,POCC_04_H0C3,0,60,3.4662019732842833,3.560535818176704,3.8596144246302058,3.0404111119413,3.859627520457914
fcc_to_bcc,pure_pocc_seed,POCC__bcc__POCC_05_H0C4__Hf32_Mo32_Ta32_Ti32_Zr32_n160,bcc,POCC_05_H0C4,0,60,3.290373190505568,3.224428818414382,3.556926699112774,2.9468492836703897,3.5569373017838766
fcc_to_bcc,pure_pocc_seed,POCC__bcc__POCC_06_H0C5__Hf32_Mo32_Ta32_Ti32_Zr32_n160,bcc,POCC_06_H0C5,0,60,3.2779760878988347,3.2580203841309014,3.49625697033881,2.9573154429187807,3.496263851402245
fcc_to_bcc,pure_pocc_seed,POCC__bcc__POCC_07_H0C6__Hf32_Mo32_Ta32_Ti32_Zr32_n160,bcc,POCC_07_H0C6,0,60,3.499612426490924,3.6515285073235133,4.176036199949691,2.7951633757957053,4.176043202079743
fcc_to_bcc,pure_pocc_seed,POCC__bcc__POCC_08_H0C7__Hf32_Mo32_Ta32_Ti32_Zr32_n160,bcc,POCC_08_H0C7,0,60,3.428950500238754,3.6387879886336343,3.7609506217559,2.8866625918416147,3.771019865499469
fcc_to_bcc,pure_pocc_seed,POCC__bcc__POCC_09_H0C8__Hf32_Mo32_Ta32_Ti32_Zr32_n160,bcc,POCC_09_H0C8,0,60,3.350179728401533,3.43344049491946,3.8236338582832987,2.7023726293004326,3.823638195485144
fcc_to_bcc,pure_pocc_seed,POCC__bcc__POCC_10_H0C10__Hf32_Mo32_Ta32_Ti32_Zr32_n160,bcc,POCC_10_H0C10,0,60,3.4840627759545852,3.50165458128283,3.948347024869183,2.9025428181822077,3.948362562225299
fcc_to_bcc,pure_pocc_seed,POCC__bcc__POCC_11_H0C12__Hf32_Mo32_Ta32_Ti32_Zr32_n160,bcc,POCC_11_H0C12,0,60,3.5128620451890904,3.6577942839412954,4.13852321432535,2.7847147870551754,4.138524063066309
fcc_to_bcc,pure_pocc_seed,POCC__bcc__POCC_12_H0C14__Hf32_Mo32_Ta32_Ti32_Zr32_n160,bcc,POCC_12_H0C14,0,60,3.4115163446615995,3.6365811113635877,3.8123000358899173,2.7564378098870774,3.812311320996537
fcc_to_bcc,pure_pocc_seed,POCC__bcc__POCC_13_H1C0__Hf20_Mo20_Ta20_Ti20_Zr20_n100,bcc,POCC_13_H1C0,1,240,2.289509179138535,2.2568992149322744,2.5831166360267757,1.6946256284511285,3.0119216282908434
fcc_to_bcc,pure_pocc_seed,POCC__bcc__POCC_14_H1C1__Hf20_Mo20_Ta20_Ti20_Zr20_n100,bcc,POCC_14_H1C1,1,900,2.2933406746354588,2.305596390376425,2.5972959539824823,1.509145023960027,3.1910772599489827
fcc_to_bcc,pure_pocc_seed,POCC__bcc__POCC_15_H1C2__Hf20_Mo20_Ta20_Ti20_Zr20_n100,bcc,POCC_15_H1C2,1,720,2.299984221966857,2.284670086192091,2.599327910026078,1.681776073141144,3.025959348599711
fcc_to_bcc,pure_pocc_seed,POCC__bcc__POCC_16_H1C3__Hf20_Mo20_Ta20_Ti20_Zr20_n100,bcc,POCC_16_H1C3,1,1800,2.2934116255809114,2.2980446316765932,2.5792614635661444,1.5885555288386384,3.231002774250327
fcc_to_bcc,pure_pocc_seed,POCC__bcc__POCC_17_H1C4__Hf20_Mo20_Ta20_Ti20_Zr20_n100,bcc,POCC_17_H1C4,1,960,2.1792358750551455,2.1601058364557444,2.502055866270222,1.464535057551798,3.016383543525724
fcc_to_bcc,pure_pocc_seed,POCC__bcc__POCC_18_H1C5__Hf20_Mo20_Ta20_Ti20_Zr20_n100,bcc,POCC_18_H1C5,1,180,2.0598553469902567,2.0082286233626836,2.3686534865916755,1.5937434182149455,2.8624094887426934
fcc_to_bcc,pure_pocc_seed,POCC__bcc__POCC_19_H1C6__Hf20_Mo20_Ta20_Ti20_Zr20_n100,bcc,POCC_19_H1C6,1,840,2.2410693215381294,2.27053769003881,2.6066739037117697,1.3186969890262823,3.0448126334954737
fcc_to_bcc,pure_pocc_seed,POCC__bcc__POCC_20_H1C7__Hf20_Mo20_Ta20_Ti20_Zr20_n100,bcc,POCC_20_H1C7,1,900,2.2694206107136643,2.2769244700750813,2.5818903713074137,1.4654897036736825,2.9265536486711508
fcc_to_bcc,pure_pocc_seed,POCC__bcc__POCC_21_H1C8__Hf20_Mo20_Ta20_Ti20_Zr20_n100,bcc,POCC_21_H1C8,1,1020,2.280413761096975,2.277341313211992,2.5828365138390295,1.3658996349852166,2.9840953243846933
fcc_to_bcc,pure_pocc_seed,POCC__bcc__POCC_22_H1C10__Hf20_Mo20_Ta20_Ti20_Zr20_n100,bcc,POCC_22_H1C10,1,900,2.2955794737554127,2.2866393090938644,2.586540671561714,1.6043763704638712,3.0500292693977227
fcc_to_bcc,pure_pocc_seed,POCC__bcc__POCC_23_H1C12__Hf20_Mo20_Ta20_Ti20_Zr20_n100,bcc,POCC_23_H1C12,1,720,2.2427824028132637,2.2637488733187876,2.627125697429473,1.3790620959534743,3.041690126447799
fcc_to_bcc,pure_pocc_seed,POCC__bcc__POCC_24_H1C14__Hf20_Mo20_Ta20_Ti20_Zr20_n100,bcc,POCC_24_H1C14,1,540,2.262475623234494,2.2459853157484764,2.5714504930356776,1.4085684890012888,3.0534496724121314
fcc_to_bcc,pure_pocc_seed,POCC__bcc__POCC_25_H2C0__Hf27_Mo27_Ta27_Ti27_Zr27_n135,bcc,POCC_25_H2C0,2,60,0.020104533820639717,0.018147638470584586,0.03107454932410045,0.010209481585235372,0.031169098766170026
fcc_to_bcc,pure_pocc_seed,POCC__bcc__POCC_33_H2C8__Hf27_Mo27_Ta27_Ti27_Zr27_n135,bcc,POCC_33_H2C8,2,60,2.8034903821342243,3.0163189189737256,3.5202730174549113,1.5231373307975014,3.520275326359337
fcc_to_bcc,pure_pocc_seed,POCC__bcc__POCC_34_H2C10__Hf27_Mo27_Ta27_Ti27_Zr27_n135,bcc,POCC_34_H2C10,2,120,2.4612376627198866,2.8457826114306988,3.3058688066034407,0.42968800412762287,3.4051979875981613
fcc_to_bcc,pure_pocc_seed,POCC__bcc__POCC_35_H2C12__Hf27_Mo27_Ta27_Ti27_Zr27_n135,bcc,POCC_35_H2C12,2,120,2.5393362163069053,2.8350460711739207,3.4271142626189994,0.998574453984402,3.4657134858947627
fcc_to_bcc,pure_pocc_seed,POCC__bcc__POCC_36_H2C14__Hf27_Mo27_Ta27_Ti27_Zr27_n135,bcc,POCC_36_H2C14,2,120,2.739652090964527,2.9369605921286275,3.5033131975045526,1.2886044047799294,3.7157680138528275
fcc_to_bcc,pure_pocc_seed,POCC__bcc__POCC_37_H3C0__Hf27_Mo27_Ta27_Ti27_Zr27_n135,bcc,POCC_37_H3C0,3,300,1.1883083751097259,1.340655447164382,1.8556697549478403,0.0092447697417053,2.575439396217919
fcc_to_bcc,pure_pocc_seed,POCC__bcc__POCC_38_H4C0__Hf27_Mo27_Ta27_Ti27_Zr27_n135,bcc,POCC_38_H4C0,4,300,2.5991431765424626,2.579198319437646,2.9881716912023704,1.8862523285662207,3.274685243303448
fcc_to_bcc,pure_pocc_seed,POCC__bcc__POCC_39_H4C1__Hf27_Mo27_Ta27_Ti27_Zr27_n135,bcc,POCC_39_H4C1,4,300,2.646306059538126,2.671021693451697,3.041329241686499,1.9474748798380777,3.3437546896729406
fcc_to_bcc,pure_pocc_seed,POCC__bcc__POCC_40_H4C2__Hf27_Mo27_Ta27_Ti27_Zr27_n135,bcc,POCC_40_H4C2,4,300,2.618903792263114,2.6259778951362076,3.0057352007814258,1.749543782779011,3.4688425089926938
fcc_to_bcc,pure_pocc_seed,POCC__bcc__POCC_41_H4C3__Hf27_Mo27_Ta27_Ti27_Zr27_n135,bcc,POCC_41_H4C3,4,360,2.4750617606494263,2.5789698950134174,3.0449819422111655,0.7856194379511465,3.3890287207482945
fcc_to_bcc,pure_pocc_seed,POCC__bcc__POCC_42_H4C4__Hf27_Mo27_Ta27_Ti27_Zr27_n135,bcc,POCC_42_H4C4,4,360,2.740942888593574,2.7422852694138466,3.178486379284802,1.5588909949488532,3.558041878147984
fcc_to_bcc,pure_pocc_seed,POCC__bcc__POCC_43_H4C5__Hf27_Mo27_Ta27_Ti27_Zr27_n135,bcc,POCC_43_H4C5,4,360,2.7551657020121447,2.7334088186242473,3.2514814270237054,1.8183457984940716,3.686090493565581
fcc_to_bcc,pure_pocc_seed,POCC__bcc__POCC_44_H4C6__Hf27_Mo27_Ta27_Ti27_Zr27_n135,bcc,POCC_44_H4C6,4,300,2.4469458744077595,2.4581440136647648,2.7357301218242216,1.7423326713715785,3.126028815453088
fcc_to_bcc,pure_pocc_seed,POCC__bcc__POCC_45_H4C7__Hf27_Mo27_Ta27_Ti27_Zr27_n135,bcc,POCC_45_H4C7,4,360,2.4919197777965483,2.647108788948511,3.109011214675103,0.27330416442834,3.303379420182574
fcc_to_bcc,pure_pocc_seed,POCC__bcc__POCC_46_H4C8__Hf27_Mo27_Ta27_Ti27_Zr27_n135,bcc,POCC_46_H4C8,4,300,2.352831004937259,2.444979961257528,2.806355501577594,1.0584922021532108,3.405192752700316
fcc_to_bcc,pure_pocc_seed,POCC__bcc__POCC_47_H4C10__Hf27_Mo27_Ta27_Ti27_Zr27_n135,bcc,POCC_47_H4C10,4,300,1.4336360242889832,1.6568688706154577,2.29794115584003,0.00679239770210411,2.831747804466671
fcc_to_bcc,pure_pocc_seed,POCC__bcc__POCC_48_H4C12__Hf27_Mo27_Ta27_Ti27_Zr27_n135,bcc,POCC_48_H4C12,4,360,2.442078036060556,2.4673897860529603,2.7343750348567673,1.6988222354217357,3.28416359287129
fcc_to_bcc,pure_pocc_seed,POCC__bcc__POCC_49_H4C14__Hf27_Mo27_Ta27_Ti27_Zr27_n135,bcc,POCC_49_H4C14,4,300,2.622081667921644,2.6037723025663677,3.0491904017157463,1.8096825317265763,3.369094327701567
fcc_to_bcc,pure_pocc_aimd,POCC__bcc__POCC_01_H0C0__Hf32_Mo32_Ta32_Ti32_Zr32_n160,bcc,POCC_01_H0C0,0,60,2.736134738914221,2.762202655887278,2.8184428668577857,2.5911507217132512,2.818443916214002
fcc_to_bcc,pure_pocc_aimd,POCC__bcc__POCC_02_H0C1__Hf32_Mo32_Ta32_Ti32_Zr32_n160,bcc,POCC_02_H0C1,0,60,2.696726120772014,2.723062923444175,2.889567313061879,2.549767994880301,2.889571504129044
fcc_to_bcc,pure_pocc_aimd,POCC__bcc__POCC_03_H0C2__Hf32_Mo32_Ta32_Ti32_Zr32_n160,bcc,POCC_03_H0C2,0,60,2.6098075429323364,2.6345663410070923,2.7458374200125464,2.4459839060069775,2.74584382479306
fcc_to_bcc,pure_pocc_aimd,POCC__bcc__POCC_04_H0C3__Hf32_Mo32_Ta32_Ti32_Zr32_n160,bcc,POCC_04_H0C3,0,60,2.7395962858492826,2.745001153547049,2.944268887566158,2.533772790049007,2.9442747693474254
fcc_to_bcc,pure_pocc_aimd,POCC__bcc__POCC_05_H0C4__Hf32_Mo32_Ta32_Ti32_Zr32_n160,bcc,POCC_05_H0C4,0,60,2.500510424517034,2.5182880586008327,2.567116359931515,2.422391113348175,2.5671189444242932
fcc_to_bcc,pure_pocc_aimd,POCC__bcc__POCC_06_H0C5__Hf32_Mo32_Ta32_Ti32_Zr32_n160,bcc,POCC_06_H0C5,0,60,2.5504515549861297,2.5739159963308564,2.6361808615519893,2.4285707106638332,2.636189360197688
fcc_to_bcc,pure_pocc_aimd,POCC__bcc__POCC_07_H0C6__Hf32_Mo32_Ta32_Ti32_Zr32_n160,bcc,POCC_07_H0C6,0,60,2.9395309871645,2.9955030992126623,3.1000669867580632,2.77544555827725,3.1000769817272995
fcc_to_bcc,pure_pocc_aimd,POCC__bcc__POCC_08_H0C7__Hf32_Mo32_Ta32_Ti32_Zr32_n160,bcc,POCC_08_H0C7,0,60,2.788403761071314,2.7613247873704445,2.931758779400797,2.66810457041631,2.943180327821836
fcc_to_bcc,pure_pocc_aimd,POCC__bcc__POCC_09_H0C8__Hf32_Mo32_Ta32_Ti32_Zr32_n160,bcc,POCC_09_H0C8,0,60,2.7436788429866232,2.702376017985972,2.866631378408027,2.6847470414104055,2.866641419739813
fcc_to_bcc,pure_pocc_aimd,POCC__bcc__POCC_10_H0C10__Hf32_Mo32_Ta32_Ti32_Zr32_n160,bcc,POCC_10_H0C10,0,60,2.8656739656111347,2.835831865205376,3.054230071894428,2.6364356636497304,3.0542321729053445
fcc_to_bcc,pure_pocc_aimd,POCC__bcc__POCC_11_H0C12__Hf32_Mo32_Ta32_Ti32_Zr32_n160,bcc,POCC_11_H0C12,0,60,2.920115243592435,2.9286800399014856,3.086382362739239,2.7847147870551754,3.0863880475058547
fcc_to_bcc,pure_pocc_aimd,POCC__bcc__POCC_12_H0C14__Hf32_Mo32_Ta32_Ti32_Zr32_n160,bcc,POCC_12_H0C14,0,60,2.8269933910462144,2.808929430868067,2.9716211507556674,2.7564378098870774,2.97163224895971
fcc_to_bcc,pure_pocc_aimd,POCC__bcc__POCC_13_H1C0__Hf20_Mo20_Ta20_Ti20_Zr20_n100,bcc,POCC_13_H1C0,1,240,1.2687425167423294,1.269128227100044,1.5662897847569024,0.7103052846930983,1.8953535666559878
fcc_to_bcc,pure_pocc_aimd,POCC__bcc__POCC_14_H1C1__Hf20_Mo20_Ta20_Ti20_Zr20_n100,bcc,POCC_14_H1C1,1,900,1.2847319519478644,1.278680221819857,1.5364662551763084,0.669070770422056,1.9799475542927318
fcc_to_bcc,pure_pocc_aimd,POCC__bcc__POCC_15_H1C2__Hf20_Mo20_Ta20_Ti20_Zr20_n100,bcc,POCC_15_H1C2,1,720,1.3016331230988678,1.2883521046167812,1.563226207706344,0.8580769363454301,2.0289762502852087
fcc_to_bcc,pure_pocc_aimd,POCC__bcc__POCC_16_H1C3__Hf20_Mo20_Ta20_Ti20_Zr20_n100,bcc,POCC_16_H1C3,1,1800,1.2757191389022937,1.2730864034795004,1.514467381003521,0.643177835703608,2.225134954876542
fcc_to_bcc,pure_pocc_aimd,POCC__bcc__POCC_17_H1C4__Hf20_Mo20_Ta20_Ti20_Zr20_n100,bcc,POCC_17_H1C4,1,960,1.1998420764042064,1.1928642510968577,1.4241527190130534,0.6818971361127028,1.9904158681114523
fcc_to_bcc,pure_pocc_aimd,POCC__bcc__POCC_18_H1C5__Hf20_Mo20_Ta20_Ti20_Zr20_n100,bcc,POCC_18_H1C5,1,180,1.0757598943035633,1.0130763032910366,1.2811613638668906,0.824634927147571,1.6966559214214998
fcc_to_bcc,pure_pocc_aimd,POCC__bcc__POCC_19_H1C6__Hf20_Mo20_Ta20_Ti20_Zr20_n100,bcc,POCC_19_H1C6,1,840,1.219931079529755,1.2168157933826405,1.4829526609009749,0.6995643230426526,1.8225394893272457
fcc_to_bcc,pure_pocc_aimd,POCC__bcc__POCC_20_H1C7__Hf20_Mo20_Ta20_Ti20_Zr20_n100,bcc,POCC_20_H1C7,1,900,1.3663093420851475,1.3660795235043182,1.610899963731247,0.886185675589191,2.0011823586374167
fcc_to_bcc,pure_pocc_aimd,POCC__bcc__POCC_21_H1C8__Hf20_Mo20_Ta20_Ti20_Zr20_n100,bcc,POCC_21_H1C8,1,1020,1.343008950184059,1.3324618806478763,1.5738205343336829,0.8670311917347993,1.991393456712973
fcc_to_bcc,pure_pocc_aimd,POCC__bcc__POCC_22_H1C10__Hf20_Mo20_Ta20_Ti20_Zr20_n100,bcc,POCC_22_H1C10,1,900,1.3344611412618368,1.3392863460105562,1.5683726508387434,0.7908735505843584,2.0667562403538917
fcc_to_bcc,pure_pocc_aimd,POCC__bcc__POCC_23_H1C12__Hf20_Mo20_Ta20_Ti20_Zr20_n100,bcc,POCC_23_H1C12,1,720,1.296156310127543,1.2830056362647912,1.5533297161280806,0.7717076631935682,2.1344143342872863
fcc_to_bcc,pure_pocc_aimd,POCC__bcc__POCC_24_H1C14__Hf20_Mo20_Ta20_Ti20_Zr20_n100,bcc,POCC_24_H1C14,1,540,1.426261675012232,1.4242081807237934,1.637841473041285,0.8959253896541468,2.0492930628497508
fcc_to_bcc,pure_pocc_aimd,POCC__bcc__POCC_25_H2C0__Hf27_Mo27_Ta27_Ti27_Zr27_n135,bcc,POCC_25_H2C0,2,60,0.020104533820639717,0.018147638470584586,0.03107454932410045,0.010209481585235372,0.031169098766170026
fcc_to_bcc,pure_pocc_aimd,POCC__bcc__POCC_33_H2C8__Hf27_Mo27_Ta27_Ti27_Zr27_n135,bcc,POCC_33_H2C8,2,60,2.3739364618908088,2.6343713085660116,3.2623781324596175,1.5231373307975014,3.262379948700045
fcc_to_bcc,pure_pocc_aimd,POCC__bcc__POCC_34_H2C10__Hf27_Mo27_Ta27_Ti27_Zr27_n135,bcc,POCC_34_H2C10,2,120,2.0962991507665976,2.399438067531201,2.9025653857207976,0.42968800412762287,3.0913928709033054
fcc_to_bcc,pure_pocc_aimd,POCC__bcc__POCC_35_H2C12__Hf27_Mo27_Ta27_Ti27_Zr27_n135,bcc,POCC_35_H2C12,2,120,2.1602086174546096,2.3383887514136763,3.044192817271653,0.8451596206872268,3.255569813230837
fcc_to_bcc,pure_pocc_aimd,POCC__bcc__POCC_36_H2C14__Hf27_Mo27_Ta27_Ti27_Zr27_n135,bcc,POCC_36_H2C14,2,120,2.1704031989186743,2.32146955381965,3.019808939948742,0.9558239286416395,3.1762715107322044
fcc_to_bcc,pure_pocc_aimd,POCC__bcc__POCC_37_H3C0__Hf27_Mo27_Ta27_Ti27_Zr27_n135,bcc,POCC_37_H3C0,3,300,0.7538850953949703,0.8762346095990319,1.131033879879904,0.0092447697417053,1.441525832192157
fcc_to_bcc,pure_pocc_aimd,POCC__bcc__POCC_38_H4C0__Hf27_Mo27_Ta27_Ti27_Zr27_n135,bcc,POCC_38_H4C0,4,300,1.9496127239106682,1.933009155323147,2.2664878935390913,1.4227896332046561,2.425452434797058
fcc_to_bcc,pure_pocc_aimd,POCC__bcc__POCC_39_H4C1__Hf27_Mo27_Ta27_Ti27_Zr27_n135,bcc,POCC_39_H4C1,4,300,1.922092582708356,1.902844060298973,2.238258006737812,1.3284881411259075,2.495819779896607
fcc_to_bcc,pure_pocc_aimd,POCC__bcc__POCC_40_H4C2__Hf27_Mo27_Ta27_Ti27_Zr27_n135,bcc,POCC_40_H4C2,4,300,1.9451230947299216,1.9543254355126094,2.303351225443593,1.3368375982556655,2.437602760811799
fcc_to_bcc,pure_pocc_aimd,POCC__bcc__POCC_41_H4C3__Hf27_Mo27_Ta27_Ti27_Zr27_n135,bcc,POCC_41_H4C3,4,360,1.7880585282848034,1.9039019629387868,2.2449369303874183,0.6949919218501472,2.4340682090208765
fcc_to_bcc,pure_pocc_aimd,POCC__bcc__POCC_42_H4C4__Hf27_Mo27_Ta27_Ti27_Zr27_n135,bcc,POCC_42_H4C4,4,360,1.845117124743332,1.880150599800611,2.2081780559616244,0.9667081178663229,2.36400399432614
fcc_to_bcc,pure_pocc_aimd,POCC__bcc__POCC_43_H4C5__Hf27_Mo27_Ta27_Ti27_Zr27_n135,bcc,POCC_43_H4C5,4,360,1.9310812580901426,1.8962305024564923,2.2448050042479544,1.1739333880327336,2.5070252764637146
fcc_to_bcc,pure_pocc_aimd,POCC__bcc__POCC_44_H4C6__Hf27_Mo27_Ta27_Ti27_Zr27_n135,bcc,POCC_44_H4C6,4,300,1.9145288224136365,1.8962321125250061,2.277978319028013,1.1805063776331048,2.3959064827816787
fcc_to_bcc,pure_pocc_aimd,POCC__bcc__POCC_45_H4C7__Hf27_Mo27_Ta27_Ti27_Zr27_n135,bcc,POCC_45_H4C7,4,360,1.794307381873706,1.9129744835970919,2.320082111051818,0.27330416442834,2.559437535876222
fcc_to_bcc,pure_pocc_aimd,POCC__bcc__POCC_46_H4C8__Hf27_Mo27_Ta27_Ti27_Zr27_n135,bcc,POCC_46_H4C8,4,300,1.6109978212348999,1.6599298519036663,1.9707941331099847,0.7192781501093373,2.488701410387833
fcc_to_bcc,pure_pocc_aimd,POCC__bcc__POCC_47_H4C10__Hf27_Mo27_Ta27_Ti27_Zr27_n135,bcc,POCC_47_H4C10,4,300,0.8370419266161077,0.9799860504020426,1.280601170803057,0.00679239770210411,1.5696140376288197
fcc_to_bcc,pure_pocc_aimd,POCC__bcc__POCC_48_H4C12__Hf27_Mo27_Ta27_Ti27_Zr27_n135,bcc,POCC_48_H4C12,4,360,1.8814692073640304,1.8687360417736896,2.265640697289356,1.2082593650708318,2.3373498856367516
fcc_to_bcc,pure_pocc_aimd,POCC__bcc__POCC_49_H4C14__Hf27_Mo27_Ta27_Ti27_Zr27_n135,bcc,POCC_49_H4C14,4,300,1.9503940391568078,1.9438993959317779,2.331941767300241,1.2191663739842205,2.508668579419635
bcc_to_fcc,pure,POCC__fcc__POCC_01_H0C0__Hf27_Mo27_Ta27_Ti27_Zr27_n135,fcc,POCC_01_H0C0,0,180,3.7771000899388785,3.7978317847440213,4.672861586586735,2.558480077925332,5.1239421125239994
bcc_to_fcc,pure,POCC__fcc__POCC_02_H0C1__Hf27_Mo27_Ta27_Ti27_Zr27_n135,fcc,POCC_02_H0C1,0,180,3.7244009953040416,3.6134111094702277,4.562524681919352,2.4848762731006553,5.115461519783462
bcc_to_fcc,pure,POCC__fcc__POCC_03_H0C2__Hf27_Mo27_Ta27_Ti27_Zr27_n135,fcc,POCC_03_H0C2,0,240,3.6866675345885254,3.68521101986824,4.6119538775250755,2.5151534907798667,5.194810070191672
bcc_to_fcc,pure,POCC__fcc__POCC_04_H0C3__Hf27_Mo27_Ta27_Ti27_Zr27_n135,fcc,POCC_04_H0C3,0,240,3.730526789585349,3.656619899373652,4.722032578300243,2.604198479283782,5.185607065784525
bcc_to_fcc,pure,POCC__fcc__POCC_05_H0C4__Hf27_Mo27_Ta27_Ti27_Zr27_n135,fcc,POCC_05_H0C4,0,180,3.83421038795216,3.7509676879486014,4.657711076528761,2.6705888767708386,5.070999134536901
bcc_to_fcc,pure,POCC__fcc__POCC_06_H0C5__Hf27_Mo27_Ta27_Ti27_Zr27_n135,fcc,POCC_06_H0C5,0,180,3.7728649832925854,3.7534336961956947,4.653618955924285,2.5316619876422966,5.071434257691481
bcc_to_fcc,pure,POCC__fcc__POCC_07_H0C6__Hf27_Mo27_Ta27_Ti27_Zr27_n135,fcc,POCC_07_H0C6,0,180,3.7299815458822403,3.686280272313149,4.8410961377429835,2.4082286097774674,5.217372246205806
bcc_to_fcc,pure,POCC__fcc__POCC_08_H0C7__Hf27_Mo27_Ta27_Ti27_Zr27_n135,fcc,POCC_08_H0C7,0,60,4.2532010170747725,4.460461985632337,5.1021482350512155,3.4188932794755784,5.1021507316652865
bcc_to_fcc,pure,POCC__fcc__POCC_09_H0C8__Hf27_Mo27_Ta27_Ti27_Zr27_n135,fcc,POCC_09_H0C8,0,120,3.9196083679970304,3.9364383302166073,4.975944833256107,2.6402107326787565,5.168071329525363
bcc_to_fcc,pure,POCC__fcc__POCC_10_H0C10__Hf27_Mo27_Ta27_Ti27_Zr27_n135,fcc,POCC_10_H0C10,0,120,3.941102809469466,3.8615820189140475,4.891736834979735,2.7085583488848965,5.16923613627922
bcc_to_fcc,pure,POCC__fcc__POCC_11_H0C12__Hf27_Mo27_Ta27_Ti27_Zr27_n135,fcc,POCC_11_H0C12,0,120,3.904272192070119,3.9207517692476896,4.893479970840791,2.5453400345632575,5.2174803531773515
bcc_to_fcc,pure,POCC__fcc__POCC_12_H0C14__Hf27_Mo27_Ta27_Ti27_Zr27_n135,fcc,POCC_12_H0C14,0,120,3.942709283178375,3.9027619630122787,4.7253079267843425,2.740095614568261,5.107804326415801
bcc_to_fcc,pure,POCC__fcc__POCC_13_H1C0__Hf27_Mo27_Ta27_Ti27_Zr27_n135,fcc,POCC_13_H1C0,1,180,4.614305780205209,4.591236371043089,5.354863382180429,3.621610507152695,5.588380274092037
bcc_to_fcc,pure,POCC__fcc__POCC_14_H1C1__Hf27_Mo27_Ta27_Ti27_Zr27_n135,fcc,POCC_14_H1C1,1,240,4.58859244313777,4.637904564793718,5.088275176610474,3.626116648658204,5.583797910544337
bcc_to_fcc,pure,POCC__fcc__POCC_15_H1C2__Hf27_Mo27_Ta27_Ti27_Zr27_n135,fcc,POCC_15_H1C2,1,240,4.598096660413086,4.590176213213372,5.259211945740711,3.708527302454451,5.59016291921703
bcc_to_fcc,pure,POCC__fcc__POCC_16_H1C3__Hf27_Mo27_Ta27_Ti27_Zr27_n135,fcc,POCC_16_H1C3,1,240,4.636687105572918,4.635574208776912,5.212251416530985,3.7410988120198123,5.583263165273042
bcc_to_fcc,pure,POCC__fcc__POCC_17_H1C4__Hf27_Mo27_Ta27_Ti27_Zr27_n135,fcc,POCC_17_H1C4,1,180,4.934999401023848,4.888774620120708,5.736873297799953,3.9369133176777686,5.764020832126204
bcc_to_fcc,pure,POCC__fcc__POCC_18_H1C5__Hf27_Mo27_Ta27_Ti27_Zr27_n135,fcc,POCC_18_H1C5,1,180,4.932699186054274,4.898780688729807,5.701684425827335,3.7642858715033887,5.754061284184976
bcc_to_fcc,pure,POCC__fcc__POCC_19_H1C6__Hf27_Mo27_Ta27_Ti27_Zr27_n135,fcc,POCC_19_H1C6,1,240,4.633607619285446,4.644509765763365,5.225340978720215,3.722799948147703,5.6358937245133065
bcc_to_fcc,pure,POCC__fcc__POCC_20_H1C7__Hf27_Mo27_Ta27_Ti27_Zr27_n135,fcc,POCC_20_H1C7,1,180,4.634417285409133,4.696960908069379,5.328937528295836,3.658390223069467,5.577638763155644
bcc_to_fcc,pure,POCC__fcc__POCC_21_H1C8__Hf27_Mo27_Ta27_Ti27_Zr27_n135,fcc,POCC_21_H1C8,1,180,4.642853114230135,4.632958616969924,5.411047715475195,3.7049820660364463,5.589452001013767
bcc_to_fcc,pure,POCC__fcc__POCC_22_H1C10__Hf27_Mo27_Ta27_Ti27_Zr27_n135,fcc,POCC_22_H1C10,1,180,4.65519380911974,4.672065832014681,5.363733904156967,3.7156184136268338,5.5814618061791315
bcc_to_fcc,pure,POCC__fcc__POCC_23_H1C12__Hf27_Mo27_Ta27_Ti27_Zr27_n135,fcc,POCC_23_H1C12,1,180,4.670232809712726,4.63962121576174,5.420913027902722,3.657698512496193,5.634595323816584
bcc_to_fcc,pure,POCC__fcc__POCC_24_H1C14__Hf27_Mo27_Ta27_Ti27_Zr27_n135,fcc,POCC_24_H1C14,1,120,4.731375135288745,4.7379404198303225,5.378668354473087,3.6610709238927455,5.583823979519272
bcc_to_fcc,pure,POCC__fcc__POCC_25_H2C0__Hf18_Mo18_Ta18_Ti18_Zr18_n90,fcc,POCC_25_H2C0,2,600,4.793041630017208,4.925002121311918,5.312730836849145,3.920484086335232,5.451584375273546
bcc_to_fcc,pure,POCC__fcc__POCC_26_H2C1__Hf18_Mo18_Ta18_Ti18_Zr18_n90,fcc,POCC_26_H2C1,2,600,4.801498632231684,4.913785815971577,5.303828949382442,3.98612052096844,5.47235256797545
bcc_to_fcc,pure,POCC__fcc__POCC_27_H2C2__Hf18_Mo18_Ta18_Ti18_Zr18_n90,fcc,POCC_27_H2C2,2,600,4.810303827830177,4.957881753754508,5.30643471365946,3.958899200235695,5.464903482505251
bcc_to_fcc,pure,POCC__fcc__POCC_28_H2C3__Hf18_Mo18_Ta18_Ti18_Zr18_n90,fcc,POCC_28_H2C3,2,600,4.805741560691228,4.941155028037018,5.3036544008584325,4.040573469175028,5.4743258676374
bcc_to_fcc,pure,POCC__fcc__POCC_29_H2C4__Hf18_Mo18_Ta18_Ti18_Zr18_n90,fcc,POCC_29_H2C4,2,540,4.805943069990014,4.910908685293982,5.3025238237621055,4.055974709052032,5.4248856064673
bcc_to_fcc,pure,POCC__fcc__POCC_30_H2C5__Hf18_Mo18_Ta18_Ti18_Zr18_n90,fcc,POCC_30_H2C5,2,660,4.819277774277192,4.9343153342501775,5.302109851501125,4.015994765848334,5.483654655007131
bcc_to_fcc,pure,POCC__fcc__POCC_31_H2C6__Hf18_Mo18_Ta18_Ti18_Zr18_n90,fcc,POCC_31_H2C6,2,540,4.487464592917565,4.535763386264398,4.996207517629679,3.7226998385299988,5.186059811589546
bcc_to_fcc,pure,POCC__fcc__POCC_32_H2C7__Hf18_Mo18_Ta18_Ti18_Zr18_n90,fcc,POCC_32_H2C7,2,600,4.807333290543744,4.942876887820386,5.310374556664931,3.928098180246662,5.527935998221174
bcc_to_fcc,pure,POCC__fcc__POCC_33_H2C8__Hf18_Mo18_Ta18_Ti18_Zr18_n90,fcc,POCC_33_H2C8,2,600,4.807926959775412,4.91547251399432,5.3098685424375125,3.965587742557952,5.458616285035625
bcc_to_fcc,pure,POCC__fcc__POCC_34_H2C10__Hf18_Mo18_Ta18_Ti18_Zr18_n90,fcc,POCC_34_H2C10,2,600,4.797546399882684,4.9194347031009995,5.319811696599684,3.867129876711834,5.474625840428574
bcc_to_fcc,pure,POCC__fcc__POCC_35_H2C12__Hf18_Mo18_Ta18_Ti18_Zr18_n90,fcc,POCC_35_H2C12,2,540,4.4832863555624725,4.535583016280416,4.960171073199987,3.711765273787691,5.161459855944032
bcc_to_fcc,pure,POCC__fcc__POCC_36_H2C14__Hf18_Mo18_Ta18_Ti18_Zr18_n90,fcc,POCC_36_H2C14,2,540,4.807741811674144,4.934715325023624,5.3112911987467974,3.9104710647985086,5.5294221455557695
bcc_to_fcc,pure,POCC__fcc__POCC_37_H3C0__Hf27_Mo27_Ta27_Ti27_Zr27_n135,fcc,POCC_37_H3C0,3,180,4.742889235943805,4.838954164451376,5.460246485192805,3.486861861885624,5.7514396017729705
bcc_to_fcc,pure,POCC__fcc__POCC_38_H3C1__Hf27_Mo27_Ta27_Ti27_Zr27_n135,fcc,POCC_38_H3C1,3,240,4.767980565481762,4.744000386652012,5.410065448545575,3.670203002975581,5.753603313609488
bcc_to_fcc,pure,POCC__fcc__POCC_39_H3C2__Hf27_Mo27_Ta27_Ti27_Zr27_n135,fcc,POCC_39_H3C2,3,180,4.770301948283817,4.751826777137643,5.612519194878244,3.446338812434087,5.785071062310907
bcc_to_fcc,pure,POCC__fcc__POCC_40_H3C3__Hf27_Mo27_Ta27_Ti27_Zr27_n135,fcc,POCC_40_H3C3,3,180,4.797240041210259,4.792222834513693,5.501608828893458,3.6337777689255133,5.810112014274561
bcc_to_fcc,pure,POCC__fcc__POCC_49_H4C0__Hf27_Mo27_Ta27_Ti27_Zr27_n135,fcc,POCC_49_H4C0,4,360,5.424882020516856,5.491299392047603,5.826887716231656,4.631450381352997,5.984609250621355
bcc_to_fcc,pure_pocc_seed,POCC__fcc__POCC_01_H0C0__Hf27_Mo27_Ta27_Ti27_Zr27_n135,fcc,POCC_01_H0C0,0,180,2.9324033578865167,2.9547787848723623,3.204207096006521,2.2770934080673637,3.484146098683097
bcc_to_fcc,pure_pocc_seed,POCC__fcc__POCC_02_H0C1__Hf27_Mo27_Ta27_Ti27_Zr27_n135,fcc,POCC_02_H0C1,0,180,3.0338170680982484,3.0095603089024596,3.4861800979995943,2.379642956157939,3.6510669834131777
bcc_to_fcc,pure_pocc_seed,POCC__fcc__POCC_03_H0C2__Hf27_Mo27_Ta27_Ti27_Zr27_n135,fcc,POCC_03_H0C2,0,240,3.0072003036416692,2.894957529469599,3.417301997441135,2.381354076389094,4.112840594454184
bcc_to_fcc,pure_pocc_seed,POCC__fcc__POCC_04_H0C3__Hf27_Mo27_Ta27_Ti27_Zr27_n135,fcc,POCC_04_H0C3,0,240,3.053703772339144,2.8890393730533,3.8370680211978256,2.19500613226753,4.19093648026397
bcc_to_fcc,pure_pocc_seed,POCC__fcc__POCC_05_H0C4__Hf27_Mo27_Ta27_Ti27_Zr27_n135,fcc,POCC_05_H0C4,0,180,3.021733932932421,2.9662434819452956,3.6137968320720453,2.33081475575223,3.847930616903669
bcc_to_fcc,pure_pocc_seed,POCC__fcc__POCC_06_H0C5__Hf27_Mo27_Ta27_Ti27_Zr27_n135,fcc,POCC_06_H0C5,0,180,2.969797583916352,2.867969675769885,3.611374733681117,2.252232068404219,3.844552481790577
bcc_to_fcc,pure_pocc_seed,POCC__fcc__POCC_07_H0C6__Hf27_Mo27_Ta27_Ti27_Zr27_n135,fcc,POCC_07_H0C6,0,180,3.0439932690365903,3.02028062478212,3.6323107228601863,2.3138681073166207,3.896811198142383
bcc_to_fcc,pure_pocc_seed,POCC__fcc__POCC_08_H0C7__Hf27_Mo27_Ta27_Ti27_Zr27_n135,fcc,POCC_08_H0C7,0,60,3.4084213921821074,3.427094457151293,3.664300703043331,3.1765883997509383,3.664309251431987
bcc_to_fcc,pure_pocc_seed,POCC__fcc__POCC_09_H0C8__Hf27_Mo27_Ta27_Ti27_Zr27_n135,fcc,POCC_09_H0C8,0,120,3.0889818066523067,3.169478698464788,3.4661747592382044,2.4217495108887905,3.48994469486416
bcc_to_fcc,pure_pocc_seed,POCC__fcc__POCC_10_H0C10__Hf27_Mo27_Ta27_Ti27_Zr27_n135,fcc,POCC_10_H0C10,0,120,3.079470483178206,3.2401455248476894,3.4804840808147164,2.350568052465834,3.5404626071565217
bcc_to_fcc,pure_pocc_seed,POCC__fcc__POCC_11_H0C12__Hf27_Mo27_Ta27_Ti27_Zr27_n135,fcc,POCC_11_H0C12,0,120,2.9308897021530096,2.9301676436795057,3.1480743350004814,2.2746547859825696,3.40413821364174
bcc_to_fcc,pure_pocc_seed,POCC__fcc__POCC_12_H0C14__Hf27_Mo27_Ta27_Ti27_Zr27_n135,fcc,POCC_12_H0C14,0,120,2.9195917665476814,2.9877905290072935,3.170234207519032,2.323296756777925,3.2692351246513445
bcc_to_fcc,pure_pocc_seed,POCC__fcc__POCC_13_H1C0__Hf27_Mo27_Ta27_Ti27_Zr27_n135,fcc,POCC_13_H1C0,1,180,2.2165051119334476,2.1522532827227314,3.0741780889846577,0.9747998753550919,3.6473968760211104
bcc_to_fcc,pure_pocc_seed,POCC__fcc__POCC_14_H1C1__Hf27_Mo27_Ta27_Ti27_Zr27_n135,fcc,POCC_14_H1C1,1,240,2.0330328760042042,1.9211785924776992,2.8399314952558092,1.0960823564729667,3.6065704621667245
bcc_to_fcc,pure_pocc_seed,POCC__fcc__POCC_15_H1C2__Hf27_Mo27_Ta27_Ti27_Zr27_n135,fcc,POCC_15_H1C2,1,240,2.0661723838457444,1.9734481177239838,2.8229359383143726,1.0453398677676184,3.5236244515795963
bcc_to_fcc,pure_pocc_seed,POCC__fcc__POCC_16_H1C3__Hf27_Mo27_Ta27_Ti27_Zr27_n135,fcc,POCC_16_H1C3,1,240,1.974143877297213,1.8619478022516602,2.794637572025323,1.0304177180456378,3.55185634178893
bcc_to_fcc,pure_pocc_seed,POCC__fcc__POCC_17_H1C4__Hf27_Mo27_Ta27_Ti27_Zr27_n135,fcc,POCC_17_H1C4,1,180,2.7209875157597496,2.8008840871832756,3.1794506615788594,1.8607712040575288,3.545755603133494
bcc_to_fcc,pure_pocc_seed,POCC__fcc__POCC_18_H1C5__Hf27_Mo27_Ta27_Ti27_Zr27_n135,fcc,POCC_18_H1C5,1,180,2.7851994143590115,2.909361356700729,3.084300830872069,1.5686181742360223,3.4495193961915374
bcc_to_fcc,pure_pocc_seed,POCC__fcc__POCC_19_H1C6__Hf27_Mo27_Ta27_Ti27_Zr27_n135,fcc,POCC_19_H1C6,1,240,1.9256039554175042,1.7311362200854732,2.873145294173228,0.847662843006137,3.7399773094148125
bcc_to_fcc,pure_pocc_seed,POCC__fcc__POCC_20_H1C7__Hf27_Mo27_Ta27_Ti27_Zr27_n135,fcc,POCC_20_H1C7,1,180,2.1733765037591084,2.1062420236920216,2.9823645301843413,1.0203333828036247,3.596765829278612
bcc_to_fcc,pure_pocc_seed,POCC__fcc__POCC_21_H1C8__Hf27_Mo27_Ta27_Ti27_Zr27_n135,fcc,POCC_21_H1C8,1,180,2.144943049075926,2.096775682971808,2.9849023134231922,1.1117848550031304,3.5074435548335563
bcc_to_fcc,pure_pocc_seed,POCC__fcc__POCC_22_H1C10__Hf27_Mo27_Ta27_Ti27_Zr27_n135,fcc,POCC_22_H1C10,1,180,2.15753330336618,2.0831822349466274,3.009180924650979,1.0523691809251603,3.5427416362194353
bcc_to_fcc,pure_pocc_seed,POCC__fcc__POCC_23_H1C12__Hf27_Mo27_Ta27_Ti27_Zr27_n135,fcc,POCC_23_H1C12,1,180,2.0459185694446496,1.853843249890791,3.0123237814088863,0.9738151586166607,3.7397245024726757
bcc_to_fcc,pure_pocc_seed,POCC__fcc__POCC_24_H1C14__Hf27_Mo27_Ta27_Ti27_Zr27_n135,fcc,POCC_24_H1C14,1,120,2.3950885866911618,2.34307922577554,3.163551098928081,1.1117133086942876,3.5924823493281384
bcc_to_fcc,pure_pocc_seed,POCC__fcc__POCC_25_H2C0__Hf18_Mo18_Ta18_Ti18_Zr18_n90,fcc,POCC_25_H2C0,2,600,1.487806737806196,1.581541363287856,2.099444860538909,0.027182348871708714,2.810665669629421
bcc_to_fcc,pure_pocc_seed,POCC__fcc__POCC_26_H2C1__Hf18_Mo18_Ta18_Ti18_Zr18_n90,fcc,POCC_26_H2C1,2,600,1.6580552560695274,1.691849010222391,2.1911570474251394,0.6567999188364978,2.713275918372494
bcc_to_fcc,pure_pocc_seed,POCC__fcc__POCC_27_H2C2__Hf18_Mo18_Ta18_Ti18_Zr18_n90,fcc,POCC_27_H2C2,2,600,1.8082004152216113,1.8085809014165755,2.280941225920393,0.7870499263102431,2.771487277629221
bcc_to_fcc,pure_pocc_seed,POCC__fcc__POCC_28_H2C3__Hf18_Mo18_Ta18_Ti18_Zr18_n90,fcc,POCC_28_H2C3,2,600,1.6873953884727708,1.701716863808337,2.146350179876987,0.487960429407923,2.574406613872843
bcc_to_fcc,pure_pocc_seed,POCC__fcc__POCC_29_H2C4__Hf18_Mo18_Ta18_Ti18_Zr18_n90,fcc,POCC_29_H2C4,2,540,1.8383818688792932,1.8493996274191955,2.255725512559796,1.0333175753424668,3.0697372626164547
bcc_to_fcc,pure_pocc_seed,POCC__fcc__POCC_30_H2C5__Hf18_Mo18_Ta18_Ti18_Zr18_n90,fcc,POCC_30_H2C5,2,660,1.8283316134141427,1.8316162615947063,2.2892527375567737,0.9970039932431176,2.9026673199380295
bcc_to_fcc,pure_pocc_seed,POCC__fcc__POCC_31_H2C6__Hf18_Mo18_Ta18_Ti18_Zr18_n90,fcc,POCC_31_H2C6,2,540,1.9087323278298907,1.9141184106174367,2.3626666430512486,0.8842125566196332,2.956712090635431
bcc_to_fcc,pure_pocc_seed,POCC__fcc__POCC_32_H2C7__Hf18_Mo18_Ta18_Ti18_Zr18_n90,fcc,POCC_32_H2C7,2,600,1.78880022741228,1.7892552736416283,2.237816030076862,0.7871878550787922,2.7923057874005828
bcc_to_fcc,pure_pocc_seed,POCC__fcc__POCC_33_H2C8__Hf18_Mo18_Ta18_Ti18_Zr18_n90,fcc,POCC_33_H2C8,2,600,1.6574135266626964,1.6865543180308464,2.2006770926953427,0.650413759566209,2.9665112572165495
bcc_to_fcc,pure_pocc_seed,POCC__fcc__POCC_34_H2C10__Hf18_Mo18_Ta18_Ti18_Zr18_n90,fcc,POCC_34_H2C10,2,600,1.451988996556122,1.5364573226239902,2.0544021284778813,0.0092447697417053,2.9739701896160504
bcc_to_fcc,pure_pocc_seed,POCC__fcc__POCC_35_H2C12__Hf18_Mo18_Ta18_Ti18_Zr18_n90,fcc,POCC_35_H2C12,2,540,1.871472582238848,1.8609048553609093,2.335358412473545,0.8887290935384531,2.8953633297302708
bcc_to_fcc,pure_pocc_seed,POCC__fcc__POCC_36_H2C14__Hf18_Mo18_Ta18_Ti18_Zr18_n90,fcc,POCC_36_H2C14,2,540,1.7403532904330261,1.7944086533840053,2.212087474661557,0.4966619937250681,2.5896131750584503
bcc_to_fcc,pure_pocc_seed,POCC__fcc__POCC_37_H3C0__Hf27_Mo27_Ta27_Ti27_Zr27_n135,fcc,POCC_37_H3C0,3,180,1.2344958864889488,1.5615438148586884,2.303905252690595,0.010209481585235372,2.894620646625739
bcc_to_fcc,pure_pocc_seed,POCC__fcc__POCC_38_H3C1__Hf27_Mo27_Ta27_Ti27_Zr27_n135,fcc,POCC_38_H3C1,3,240,2.4628628736120826,2.537710235392911,2.998389359567704,1.3159249054582025,3.286203284216275
bcc_to_fcc,pure_pocc_seed,POCC__fcc__POCC_39_H3C2__Hf27_Mo27_Ta27_Ti27_Zr27_n135,fcc,POCC_39_H3C2,3,180,2.3729160096068065,2.3866388473266804,3.2292028229190284,0.998574453984402,3.6249848402303324
bcc_to_fcc,pure_pocc_seed,POCC__fcc__POCC_40_H3C3__Hf27_Mo27_Ta27_Ti27_Zr27_n135,fcc,POCC_40_H3C3,3,180,2.655094089393345,2.9145381323519723,3.2521387264329604,0.42968800412762287,3.7816975528395025
bcc_to_fcc,pure_pocc_seed,POCC__fcc__POCC_49_H4C0__Hf27_Mo27_Ta27_Ti27_Zr27_n135,fcc,POCC_49_H4C0,4,360,1.4441128399041518,1.5875789097831183,2.252319369397029,0.00679239770210411,2.8428017032058475
bcc_to_fcc,pure_pocc_aimd,POCC__fcc__POCC_01_H0C0__Hf27_Mo27_Ta27_Ti27_Zr27_n135,fcc,POCC_01_H0C0,0,180,2.6099408193689078,2.525342638399991,2.9955977890411245,2.050821153153778,3.134901469296309
bcc_to_fcc,pure_pocc_aimd,POCC__fcc__POCC_02_H0C1__Hf27_Mo27_Ta27_Ti27_Zr27_n135,fcc,POCC_02_H0C1,0,180,2.6570414231716892,2.545131939350971,3.204848431632029,2.061769727144322,3.2073644294546937
bcc_to_fcc,pure_pocc_aimd,POCC__fcc__POCC_03_H0C2__Hf27_Mo27_Ta27_Ti27_Zr27_n135,fcc,POCC_03_H0C2,0,240,2.6937005720358957,2.528001369173995,3.3904686736027334,2.0759086947755754,3.650891637235985
bcc_to_fcc,pure_pocc_aimd,POCC__fcc__POCC_04_H0C3__Hf27_Mo27_Ta27_Ti27_Zr27_n135,fcc,POCC_04_H0C3,0,240,2.5811615069537805,2.440475234257266,3.3170487299606446,1.771535603458209,3.5936097863128893
bcc_to_fcc,pure_pocc_aimd,POCC__fcc__POCC_05_H0C4__Hf27_Mo27_Ta27_Ti27_Zr27_n135,fcc,POCC_05_H0C4,0,180,2.6564628663356737,2.467071733149263,3.3507380660735055,1.7635225195971806,3.638752913858676
bcc_to_fcc,pure_pocc_aimd,POCC__fcc__POCC_06_H0C5__Hf27_Mo27_Ta27_Ti27_Zr27_n135,fcc,POCC_06_H0C5,0,180,2.611435249178152,2.36909997336356,3.318950402796052,1.9998346080531735,3.6528160714926985
bcc_to_fcc,pure_pocc_aimd,POCC__fcc__POCC_07_H0C6__Hf27_Mo27_Ta27_Ti27_Zr27_n135,fcc,POCC_07_H0C6,0,180,2.662245673664092,2.4767752824595,3.3992678201374296,1.9713486005521408,3.5244022713204437
bcc_to_fcc,pure_pocc_aimd,POCC__fcc__POCC_08_H0C7__Hf27_Mo27_Ta27_Ti27_Zr27_n135,fcc,POCC_08_H0C7,0,60,3.209819740291378,3.170947396634692,3.4359239569690687,2.926131081674561,3.4359360520428863
bcc_to_fcc,pure_pocc_aimd,POCC__fcc__POCC_09_H0C8__Hf27_Mo27_Ta27_Ti27_Zr27_n135,fcc,POCC_09_H0C8,0,120,2.7645516065249556,2.5915960068979604,3.2570438179102164,2.1027687437835927,3.48994469486416
bcc_to_fcc,pure_pocc_aimd,POCC__fcc__POCC_10_H0C10__Hf27_Mo27_Ta27_Ti27_Zr27_n135,fcc,POCC_10_H0C10,0,120,2.6667635836422425,2.6840736784742827,3.1221427685043244,1.764829116923307,3.142767129181933
bcc_to_fcc,pure_pocc_aimd,POCC__fcc__POCC_11_H0C12__Hf27_Mo27_Ta27_Ti27_Zr27_n135,fcc,POCC_11_H0C12,0,120,2.4949613516985476,2.3943778237443336,2.780337779494124,1.8045579030811907,2.962520591914797
bcc_to_fcc,pure_pocc_aimd,POCC__fcc__POCC_12_H0C14__Hf27_Mo27_Ta27_Ti27_Zr27_n135,fcc,POCC_12_H0C14,0,120,2.491985591904223,2.3683932627813586,2.9967872991589974,1.801755530596228,3.0909271300139274
bcc_to_fcc,pure_pocc_aimd,POCC__fcc__POCC_13_H1C0__Hf27_Mo27_Ta27_Ti27_Zr27_n135,fcc,POCC_13_H1C0,1,180,1.4524235637317966,1.363531342826123,2.256776683147023,0.7103052846930983,2.275759712837989
bcc_to_fcc,pure_pocc_aimd,POCC__fcc__POCC_14_H1C1__Hf27_Mo27_Ta27_Ti27_Zr27_n135,fcc,POCC_14_H1C1,1,240,1.3208351528837885,1.1841122742020773,1.9603285014360454,0.669070770422056,2.215575562635135
bcc_to_fcc,pure_pocc_aimd,POCC__fcc__POCC_15_H1C2__Hf27_Mo27_Ta27_Ti27_Zr27_n135,fcc,POCC_15_H1C2,1,240,1.358537842149875,1.2447037993510395,1.8557124975424066,0.8527461703112041,2.1124490118482244
bcc_to_fcc,pure_pocc_aimd,POCC__fcc__POCC_16_H1C3__Hf27_Mo27_Ta27_Ti27_Zr27_n135,fcc,POCC_16_H1C3,1,240,1.2406107913424294,1.1180780381992206,1.78577483480186,0.643177835703608,2.089537763298598
bcc_to_fcc,pure_pocc_aimd,POCC__fcc__POCC_17_H1C4__Hf27_Mo27_Ta27_Ti27_Zr27_n135,fcc,POCC_17_H1C4,1,180,2.135427670746701,2.177075642375777,2.958730428701647,1.028795378266332,3.0113503462957514
bcc_to_fcc,pure_pocc_aimd,POCC__fcc__POCC_18_H1C5__Hf27_Mo27_Ta27_Ti27_Zr27_n135,fcc,POCC_18_H1C5,1,180,2.4462911275147294,2.4628688922164335,3.0163057998105227,1.5155498502945532,3.0202747314688274
bcc_to_fcc,pure_pocc_aimd,POCC__fcc__POCC_19_H1C6__Hf27_Mo27_Ta27_Ti27_Zr27_n135,fcc,POCC_19_H1C6,1,240,1.2471391283428046,1.1689107787422763,1.8314962669384103,0.6995643230426526,2.2741246671231954
bcc_to_fcc,pure_pocc_aimd,POCC__fcc__POCC_20_H1C7__Hf27_Mo27_Ta27_Ti27_Zr27_n135,fcc,POCC_20_H1C7,1,180,1.3731687876315362,1.2858394856698738,1.920954508275389,0.8008183033660005,2.1800675606371054
bcc_to_fcc,pure_pocc_aimd,POCC__fcc__POCC_21_H1C8__Hf27_Mo27_Ta27_Ti27_Zr27_n135,fcc,POCC_21_H1C8,1,180,1.4187419090864224,1.3125979757700361,2.0582289250555066,0.8670311917347993,2.36458919652128
bcc_to_fcc,pure_pocc_aimd,POCC__fcc__POCC_22_H1C10__Hf27_Mo27_Ta27_Ti27_Zr27_n135,fcc,POCC_22_H1C10,1,180,1.4252900333130014,1.2900922303110396,2.001928740258058,0.7832086620870256,2.3492510399415245
bcc_to_fcc,pure_pocc_aimd,POCC__fcc__POCC_23_H1C12__Hf27_Mo27_Ta27_Ti27_Zr27_n135,fcc,POCC_23_H1C12,1,180,1.3854928627460112,1.23647037369805,2.081467516491815,0.7717076631935682,2.2733374040504484
bcc_to_fcc,pure_pocc_aimd,POCC__fcc__POCC_24_H1C14__Hf27_Mo27_Ta27_Ti27_Zr27_n135,fcc,POCC_24_H1C14,1,120,1.5310208543411095,1.4315958836390463,2.2039852855635935,0.8959253896541468,2.342357036820889
bcc_to_fcc,pure_pocc_aimd,POCC__fcc__POCC_25_H2C0__Hf18_Mo18_Ta18_Ti18_Zr18_n90,fcc,POCC_25_H2C0,2,600,1.0461799682632764,1.1128657734783856,1.4053560267899545,0.027182348871708714,1.8169395077467159
bcc_to_fcc,pure_pocc_aimd,POCC__fcc__POCC_26_H2C1__Hf18_Mo18_Ta18_Ti18_Zr18_n90,fcc,POCC_26_H2C1,2,600,1.1896076864331213,1.1917929618132603,1.4735415062351152,0.6567999188364978,1.880945591499296
bcc_to_fcc,pure_pocc_aimd,POCC__fcc__POCC_27_H2C2__Hf18_Mo18_Ta18_Ti18_Zr18_n90,fcc,POCC_27_H2C2,2,600,1.3025832702933586,1.308714533122933,1.5895106530667298,0.7248928876415338,1.8968917926605389
bcc_to_fcc,pure_pocc_aimd,POCC__fcc__POCC_28_H2C3__Hf18_Mo18_Ta18_Ti18_Zr18_n90,fcc,POCC_28_H2C3,2,600,1.2460091448818544,1.2529831090321681,1.4749176235731642,0.487960429407923,1.9466153777735844
bcc_to_fcc,pure_pocc_aimd,POCC__fcc__POCC_29_H2C4__Hf18_Mo18_Ta18_Ti18_Zr18_n90,fcc,POCC_29_H2C4,2,540,1.3371592968330892,1.333404492484166,1.590579295306171,0.7900622290672015,2.0476762823101513
bcc_to_fcc,pure_pocc_aimd,POCC__fcc__POCC_30_H2C5__Hf18_Mo18_Ta18_Ti18_Zr18_n90,fcc,POCC_30_H2C5,2,660,1.3489393631718898,1.3538464784871378,1.597093711157133,0.8698869922471898,1.9883070615278458
bcc_to_fcc,pure_pocc_aimd,POCC__fcc__POCC_31_H2C6__Hf18_Mo18_Ta18_Ti18_Zr18_n90,fcc,POCC_31_H2C6,2,540,1.2273445868941182,1.1846885314524371,1.5611843135437218,0.6818971361127028,1.9039118374700696
bcc_to_fcc,pure_pocc_aimd,POCC__fcc__POCC_32_H2C7__Hf18_Mo18_Ta18_Ti18_Zr18_n90,fcc,POCC_32_H2C7,2,600,1.285596467539929,1.3024747311255072,1.5319644220957211,0.6607467192479859,2.052846642587519
bcc_to_fcc,pure_pocc_aimd,POCC__fcc__POCC_33_H2C8__Hf18_Mo18_Ta18_Ti18_Zr18_n90,fcc,POCC_33_H2C8,2,600,1.1975420727298374,1.2057738332388537,1.4868285019343965,0.650413759566209,1.9634730598535743
bcc_to_fcc,pure_pocc_aimd,POCC__fcc__POCC_34_H2C10__Hf18_Mo18_Ta18_Ti18_Zr18_n90,fcc,POCC_34_H2C10,2,600,1.0299109833423479,1.1173276376354773,1.3934495139717769,0.0092447697417053,1.7763257260732885
bcc_to_fcc,pure_pocc_aimd,POCC__fcc__POCC_35_H2C12__Hf18_Mo18_Ta18_Ti18_Zr18_n90,fcc,POCC_35_H2C12,2,540,1.3000579449494098,1.2706548994764784,1.6403937261746904,0.7486018597093018,1.942267861959981
bcc_to_fcc,pure_pocc_aimd,POCC__fcc__POCC_36_H2C14__Hf18_Mo18_Ta18_Ti18_Zr18_n90,fcc,POCC_36_H2C14,2,540,1.2762330310094812,1.3059570482126577,1.5346252862351701,0.4966619937250681,1.897517224526122
bcc_to_fcc,pure_pocc_aimd,POCC__fcc__POCC_37_H3C0__Hf27_Mo27_Ta27_Ti27_Zr27_n135,fcc,POCC_37_H3C0,3,180,1.104325605716767,1.429274341368354,2.0020653747182604,0.010209481585235372,2.374142172227632
bcc_to_fcc,pure_pocc_aimd,POCC__fcc__POCC_38_H3C1__Hf27_Mo27_Ta27_Ti27_Zr27_n135,fcc,POCC_38_H3C1,3,240,1.9425895098700257,1.894425459390271,2.3802313245158375,1.2491467638490856,2.886047374572544
bcc_to_fcc,pure_pocc_aimd,POCC__fcc__POCC_39_H3C2__Hf27_Mo27_Ta27_Ti27_Zr27_n135,fcc,POCC_39_H3C2,3,180,2.0001526724364957,2.022911974864259,2.680375875991876,0.8451596206872268,3.036312801948148
bcc_to_fcc,pure_pocc_aimd,POCC__fcc__POCC_40_H3C3__Hf27_Mo27_Ta27_Ti27_Zr27_n135,fcc,POCC_40_H3C3,3,180,2.1000709309773105,2.2371958200547035,2.908154381839396,0.42968800412762287,3.1761449108196516
bcc_to_fcc,pure_pocc_aimd,POCC__fcc__POCC_49_H4C0__Hf27_Mo27_Ta27_Ti27_Zr27_n135,fcc,POCC_49_H4C0,4,360,0.8605869238225781,0.9636867850613509,1.269813730301124,0.00679239770210411,1.7406504484281744
